"prof","seed","day","care","perfect","great","miss","prog","petLvl","upgP","upgQ"
"perfect","1","1","Train","10","0","0","100","1","0","0"
"perfect","1","1","Train","10","0","0","100","0","0","0"
"perfect","1","1","Train","9","1","0","95","1","0","0"
"perfect","1","2","Train","6","4","0","80","0","0","0"
"perfect","1","2","Train","3","7","0","65","0","0","0"
"perfect","1","2","Train","9","1","0","95","1","0","0"
"perfect","1","3","Train","8","2","0","90","0","0","0"
"perfect","1","3","Train","9","1","0","95","1","0","0"
"perfect","1","3","Train","10","0","0","100","0","0","0"
"perfect","1","4","Train","8","2","0","90","0","0","0"
"perfect","1","4","Train","10","0","0","100","1","0","0"
"perfect","1","4","Train","7","3","0","85","0","0","0"
"perfect","2","1","Train","10","0","0","100","1","0","0"
"perfect","2","1","Train","10","0","0","100","0","0","0"
"perfect","2","1","Train","10","0","0","100","1","0","0"
"perfect","2","2","Train","10","0","0","100","0","0","0"
"perfect","2","2","Train","8","2","0","90","1","0","0"
"perfect","2","2","Train","7","3","0","85","0","0","0"
"perfect","2","3","Train","9","1","0","95","0","0","0"
"perfect","2","3","Train","9","1","0","95","1","0","0"
"perfect","2","3","Train","7","3","0","85","0","0","0"
"perfect","2","4","Train","8","2","0","90","0","0","0"
"perfect","2","4","Train","9","1","0","95","1","0","0"
"perfect","2","4","Train","7","3","0","85","0","0","0"
"perfect","3","1","Train","10","0","0","100","1","0","0"
"perfect","3","1","Train","10","0","0","100","0","0","0"
"perfect","3","1","Train","8","2","0","90","1","0","0"
"perfect","3","2","Train","8","2","0","90","0","0","0"
"perfect","3","2","Train","10","0","0","100","1","0","0"
"perfect","3","2","Train","10","0","0","100","0","0","0"
"perfect","3","3","Train","9","1","0","95","0","0","0"
"perfect","3","3","Train","8","2","0","90","1","0","0"
"perfect","3","3","Train","9","1","0","95","0","0","0"
"perfect","3","4","Train","7","3","0","85","0","0","0"
"perfect","3","4","Train","9","1","0","95","1","0","0"
"perfect","3","4","Train","6","4","0","80","0","0","0"
"perfect","4","1","Train","10","0","0","100","1","0","0"
"perfect","4","1","Train","10","0","0","100","0","0","0"
"perfect","4","1","Train","8","2","0","90","1","0","0"
"perfect","4","2","Train","9","1","0","95","0","0","0"
"perfect","4","2","Train","7","3","0","85","1","0","0"
"perfect","4","2","Train","7","3","0","85","0","0","0"
"perfect","4","3","Train","9","1","0","95","0","0","0"
"perfect","4","3","Train","8","2","0","90","1","0","0"
"perfect","4","3","Train","8","2","0","90","0","0","0"
"perfect","4","4","Train","9","1","0","95","0","0","0"
"perfect","4","4","Train","8","2","0","90","1","0","0"
"perfect","4","4","Train","7","3","0","85","0","0","0"
"perfect","5","1","Train","10","0","0","100","1","0","0"
"perfect","5","1","Train","10","0","0","100","0","0","0"
"perfect","5","1","Train","9","1","0","95","1","0","0"
"perfect","5","2","Train","7","3","0","85","0","0","0"
"perfect","5","2","Train","8","2","0","90","1","0","0"
"perfect","5","2","Train","9","1","0","95","0","0","0"
"perfect","5","3","Train","8","2","0","90","0","0","0"
"perfect","5","3","Train","8","2","0","90","1","0","0"
"perfect","5","3","Train","9","1","0","95","0","0","0"
"perfect","5","4","Train","10","0","0","100","0","0","0"
"perfect","5","4","Train","6","4","0","80","1","0","0"
"perfect","5","4","Train","10","0","0","100","0","0","0"
"perfect","6","1","Train","10","0","0","100","1","0","0"
"perfect","6","1","Train","10","0","0","100","0","0","0"
"perfect","6","1","Train","9","1","0","95","1","0","0"
"perfect","6","2","Train","7","3","0","85","0","0","0"
"perfect","6","2","Train","6","4","0","80","1","0","0"
"perfect","6","2","Train","7","3","0","85","0","0","0"
"perfect","6","3","Train","9","1","0","95","0","0","0"
"perfect","6","3","Train","10","0","0","100","1","0","0"
"perfect","6","3","Train","9","1","0","95","0","0","0"
"perfect","6","4","Train","6","4","0","80","0","0","0"
"perfect","6","4","Train","9","1","0","95","1","0","0"
"perfect","6","4","Train","6","4","0","80","0","0","0"
"perfect","7","1","Train","10","0","0","100","1","0","0"
"perfect","7","1","Train","10","0","0","100","0","0","0"
"perfect","7","1","Train","10","0","0","100","1","0","0"
"perfect","7","2","Train","7","3","0","85","0","0","0"
"perfect","7","2","Train","8","2","0","90","1","0","0"
"perfect","7","2","Train","10","0","0","100","0","0","0"
"perfect","7","3","Train","8","2","0","90","0","0","0"
"perfect","7","3","Train","9","1","0","95","1","0","0"
"perfect","7","3","Train","8","2","0","90","0","0","0"
"perfect","7","4","Train","6","4","0","80","0","0","0"
"perfect","7","4","Train","10","0","0","100","1","0","0"
"perfect","7","4","Train","5","5","0","75","0","0","0"
"perfect","8","1","Train","10","0","0","100","1","0","0"
"perfect","8","1","Train","10","0","0","100","0","0","0"
"perfect","8","1","Train","9","1","0","95","1","0","0"
"perfect","8","2","Train","10","0","0","100","0","0","0"
"perfect","8","2","Train","7","3","0","85","1","0","0"
"perfect","8","2","Train","7","3","0","85","0","0","0"
"perfect","8","3","Train","9","1","0","95","0","0","0"
"perfect","8","3","Train","7","3","0","85","1","0","0"
"perfect","8","3","Train","9","1","0","95","0","0","0"
"perfect","8","4","Train","8","2","0","90","0","0","0"
"perfect","8","4","Train","9","1","0","95","1","0","0"
"perfect","8","4","Train","8","2","0","90","0","0","0"
"perfect","9","1","Train","10","0","0","100","1","0","0"
"perfect","9","1","Train","10","0","0","100","0","0","0"
"perfect","9","1","Train","9","1","0","95","1","0","0"
"perfect","9","2","Train","6","4","0","80","0","0","0"
"perfect","9","2","Train","9","1","0","95","1","0","0"
"perfect","9","2","Train","9","1","0","95","0","0","0"
"perfect","9","3","Train","10","0","0","100","0","0","0"
"perfect","9","3","Train","8","2","0","90","1","0","0"
"perfect","9","3","Train","9","1","0","95","0","0","0"
"perfect","9","4","Train","7","3","0","85","0","0","0"
"perfect","9","4","Train","10","0","0","100","1","0","0"
"perfect","9","4","Train","8","2","0","90","0","0","0"
"perfect","10","1","Train","10","0","0","100","1","0","0"
"perfect","10","1","Train","10","0","0","100","0","0","0"
"perfect","10","1","Train","9","1","0","95","1","0","0"
"perfect","10","2","Train","9","1","0","95","0","0","0"
"perfect","10","2","Train","8","2","0","90","1","0","0"
"perfect","10","2","Train","9","1","0","95","0","0","0"
"perfect","10","3","Train","8","2","0","90","0","0","0"
"perfect","10","3","Train","8","2","0","90","1","0","0"
"perfect","10","3","Train","6","4","0","80","0","0","0"
"perfect","10","4","Train","7","3","0","85","0","0","0"
"perfect","10","4","Train","8","2","0","90","1","0","0"
"perfect","10","4","Train","8","2","0","90","0","0","0"
"perfect","11","1","Train","10","0","0","100","1","0","0"
"perfect","11","1","Train","10","0","0","100","0","0","0"
"perfect","11","1","Train","10","0","0","100","1","0","0"
"perfect","11","2","Train","8","2","0","90","0","0","0"
"perfect","11","2","Train","8","2","0","90","1","0","0"
"perfect","11","2","Train","9","1","0","95","0","0","0"
"perfect","11","3","Train","8","2","0","90","0","0","0"
"perfect","11","3","Train","8","2","0","90","1","0","0"
"perfect","11","3","Train","8","2","0","90","0","0","0"
"perfect","11","4","Train","10","0","0","100","0","0","0"
"perfect","11","4","Train","7","3","0","85","1","0","0"
"perfect","11","4","Train","9","1","0","95","0","0","0"
"perfect","12","1","Train","10","0","0","100","1","0","0"
"perfect","12","1","Train","10","0","0","100","0","0","0"
"perfect","12","1","Train","10","0","0","100","1","0","0"
"perfect","12","2","Train","7","3","0","85","0","0","0"
"perfect","12","2","Train","7","3","0","85","1","0","0"
"perfect","12","2","Train","9","1","0","95","0","0","0"
"perfect","12","3","Train","9","1","0","95","0","0","0"
"perfect","12","3","Train","8","2","0","90","1","0","0"
"perfect","12","3","Train","8","2","0","90","0","0","0"
"perfect","12","4","Train","7","3","0","85","0","0","0"
"perfect","12","4","Train","6","4","0","80","1","0","0"
"perfect","12","4","Train","7","3","0","85","0","0","0"
"perfect","13","1","Train","10","0","0","100","1","0","0"
"perfect","13","1","Train","10","0","0","100","0","0","0"
"perfect","13","1","Train","9","1","0","95","1","0","0"
"perfect","13","2","Train","8","2","0","90","0","0","0"
"perfect","13","2","Train","9","1","0","95","1","0","0"
"perfect","13","2","Train","5","5","0","75","0","0","0"
"perfect","13","3","Train","9","1","0","95","0","0","0"
"perfect","13","3","Train","9","1","0","95","1","0","0"
"perfect","13","3","Train","9","1","0","95","0","0","0"
"perfect","13","4","Train","8","2","0","90","0","0","0"
"perfect","13","4","Train","8","2","0","90","1","0","0"
"perfect","13","4","Train","10","0","0","100","0","0","0"
"perfect","14","1","Train","10","0","0","100","1","0","0"
"perfect","14","1","Train","10","0","0","100","0","0","0"
"perfect","14","1","Train","9","1","0","95","1","0","0"
"perfect","14","2","Train","9","1","0","95","0","0","0"
"perfect","14","2","Train","7","3","0","85","1","0","0"
"perfect","14","2","Train","7","3","0","85","0","0","0"
"perfect","14","3","Train","5","5","0","75","0","0","0"
"perfect","14","3","Train","7","3","0","85","1","0","0"
"perfect","14","3","Train","9","1","0","95","0","0","0"
"perfect","14","4","Train","5","5","0","75","0","0","0"
"perfect","14","4","Train","8","2","0","90","0","0","0"
"perfect","14","4","Train","9","1","0","95","1","0","0"
"perfect","15","1","Train","10","0","0","100","1","0","0"
"perfect","15","1","Train","10","0","0","100","0","0","0"
"perfect","15","1","Train","8","2","0","90","1","0","0"
"perfect","15","2","Train","9","1","0","95","0","0","0"
"perfect","15","2","Train","9","1","0","95","1","0","0"
"perfect","15","2","Train","9","1","0","95","0","0","0"
"perfect","15","3","Train","8","2","0","90","0","0","0"
"perfect","15","3","Train","5","5","0","75","1","0","0"
"perfect","15","3","Train","8","2","0","90","0","0","0"
"perfect","15","4","Train","7","3","0","85","0","0","0"
"perfect","15","4","Train","6","4","0","80","0","0","0"
"perfect","15","4","Train","9","1","0","95","1","0","0"
"perfect","16","1","Train","10","0","0","100","1","0","0"
"perfect","16","1","Train","10","0","0","100","0","0","0"
"perfect","16","1","Train","8","2","0","90","1","0","0"
"perfect","16","2","Train","4","6","0","70","0","0","0"
"perfect","16","2","Train","7","3","0","85","0","0","0"
"perfect","16","2","Train","6","4","0","80","1","0","0"
"perfect","16","3","Train","8","2","0","90","0","0","0"
"perfect","16","3","Train","9","1","0","95","1","0","0"
"perfect","16","3","Train","9","1","0","95","0","0","0"
"perfect","16","4","Train","5","5","0","75","0","0","0"
"perfect","16","4","Train","9","1","0","95","0","0","0"
"perfect","16","4","Train","8","2","0","90","1","0","0"
"perfect","17","1","Train","10","0","0","100","1","0","0"
"perfect","17","1","Train","10","0","0","100","0","0","0"
"perfect","17","1","Train","10","0","0","100","1","0","0"
"perfect","17","2","Train","9","1","0","95","0","0","0"
"perfect","17","2","Train","8","2","0","90","1","0","0"
"perfect","17","2","Train","7","3","0","85","0","0","0"
"perfect","17","3","Train","9","1","0","95","0","0","0"
"perfect","17","3","Train","5","5","0","75","1","0","0"
"perfect","17","3","Train","9","1","0","95","0","0","0"
"perfect","17","4","Train","7","3","0","85","0","0","0"
"perfect","17","4","Train","7","3","0","85","1","0","0"
"perfect","17","4","Train","9","1","0","95","0","0","0"
"perfect","18","1","Train","10","0","0","100","1","0","0"
"perfect","18","1","Train","10","0","0","100","0","0","0"
"perfect","18","1","Train","9","1","0","95","1","0","0"
"perfect","18","2","Train","5","5","0","75","0","0","0"
"perfect","18","2","Train","10","0","0","100","1","0","0"
"perfect","18","2","Train","8","2","0","90","0","0","0"
"perfect","18","3","Train","8","2","0","90","0","0","0"
"perfect","18","3","Train","7","3","0","85","1","0","0"
"perfect","18","3","Train","7","3","0","85","0","0","0"
"perfect","18","4","Train","8","2","0","90","0","0","0"
"perfect","18","4","Train","8","2","0","90","1","0","0"
"perfect","18","4","Train","9","1","0","95","0","0","0"
"perfect","19","1","Train","10","0","0","100","1","0","0"
"perfect","19","1","Train","10","0","0","100","0","0","0"
"perfect","19","1","Train","9","1","0","95","1","0","0"
"perfect","19","2","Train","9","1","0","95","0","0","0"
"perfect","19","2","Train","8","2","0","90","1","0","0"
"perfect","19","2","Train","8","2","0","90","0","0","0"
"perfect","19","3","Train","9","1","0","95","0","0","0"
"perfect","19","3","Train","9","1","0","95","1","0","0"
"perfect","19","3","Train","8","2","0","90","0","0","0"
"perfect","19","4","Train","7","3","0","85","0","0","0"
"perfect","19","4","Train","10","0","0","100","1","0","0"
"perfect","19","4","Train","10","0","0","100","0","0","0"
"perfect","20","1","Train","10","0","0","100","1","0","0"
"perfect","20","1","Train","10","0","0","100","0","0","0"
"perfect","20","1","Train","9","1","0","95","1","0","0"
"perfect","20","2","Train","6","4","0","80","0","0","0"
"perfect","20","2","Train","6","4","0","80","1","0","0"
"perfect","20","2","Train","7","3","0","85","0","0","0"
"perfect","20","3","Train","5","5","0","75","0","0","0"
"perfect","20","3","Train","9","1","0","95","1","0","0"
"perfect","20","3","Train","7","3","0","85","0","0","0"
"perfect","20","4","Train","7","3","0","85","0","0","0"
"perfect","20","4","Train","5","5","0","75","0","0","0"
"perfect","20","4","Train","6","4","0","80","1","0","0"
"perfect","21","1","Train","10","0","0","100","1","0","0"
"perfect","21","1","Train","10","0","0","100","0","0","0"
"perfect","21","1","Train","9","1","0","95","1","0","0"
"perfect","21","2","Train","8","2","0","90","0","0","0"
"perfect","21","2","Train","8","2","0","90","1","0","0"
"perfect","21","2","Train","8","2","0","90","0","0","0"
"perfect","21","3","Train","10","0","0","100","0","0","0"
"perfect","21","3","Train","9","1","0","95","1","0","0"
"perfect","21","3","Train","5","5","0","75","0","0","0"
"perfect","21","4","Train","10","0","0","100","0","0","0"
"perfect","21","4","Train","8","2","0","90","1","0","0"
"perfect","21","4","Train","8","2","0","90","0","0","0"
"perfect","22","1","Train","10","0","0","100","1","0","0"
"perfect","22","1","Train","10","0","0","100","0","0","0"
"perfect","22","1","Train","10","0","0","100","1","0","0"
"perfect","22","2","Train","9","1","0","95","0","0","0"
"perfect","22","2","Train","8","2","0","90","1","0","0"
"perfect","22","2","Train","6","4","0","80","0","0","0"
"perfect","22","3","Train","9","1","0","95","0","0","0"
"perfect","22","3","Train","7","3","0","85","1","0","0"
"perfect","22","3","Train","9","1","0","95","0","0","0"
"perfect","22","4","Train","10","0","0","100","0","0","0"
"perfect","22","4","Train","9","1","0","95","1","0","0"
"perfect","22","4","Train","8","2","0","90","0","0","0"
"perfect","23","1","Train","10","0","0","100","1","0","0"
"perfect","23","1","Train","10","0","0","100","0","0","0"
"perfect","23","1","Train","7","3","0","85","1","0","0"
"perfect","23","2","Train","8","2","0","90","0","0","0"
"perfect","23","2","Train","7","3","0","85","1","0","0"
"perfect","23","2","Train","7","3","0","85","0","0","0"
"perfect","23","3","Train","7","3","0","85","0","0","0"
"perfect","23","3","Train","8","2","0","90","1","0","0"
"perfect","23","3","Train","9","1","0","95","0","0","0"
"perfect","23","4","Train","8","2","0","90","0","0","0"
"perfect","23","4","Train","8","2","0","90","0","0","0"
"perfect","23","4","Train","8","2","0","90","1","0","0"
"perfect","24","1","Train","10","0","0","100","1","0","0"
"perfect","24","1","Train","10","0","0","100","0","0","0"
"perfect","24","1","Train","8","2","0","90","1","0","0"
"perfect","24","2","Train","8","2","0","90","0","0","0"
"perfect","24","2","Train","9","1","0","95","1","0","0"
"perfect","24","2","Train","8","2","0","90","0","0","0"
"perfect","24","3","Train","8","2","0","90","0","0","0"
"perfect","24","3","Train","8","2","0","90","1","0","0"
"perfect","24","3","Train","8","2","0","90","0","0","0"
"perfect","24","4","Train","8","2","0","90","0","0","0"
"perfect","24","4","Train","9","1","0","95","1","0","0"
"perfect","24","4","Train","6","4","0","80","0","0","0"
"perfect","25","1","Train","10","0","0","100","1","0","0"
"perfect","25","1","Train","10","0","0","100","0","0","0"
"perfect","25","1","Train","8","2","0","90","1","0","0"
"perfect","25","2","Train","8","2","0","90","0","0","0"
"perfect","25","2","Train","9","1","0","95","1","0","0"
"perfect","25","2","Train","7","3","0","85","0","0","0"
"perfect","25","3","Train","10","0","0","100","0","0","0"
"perfect","25","3","Train","8","2","0","90","1","0","0"
"perfect","25","3","Train","8","2","0","90","0","0","0"
"perfect","25","4","Train","9","1","0","95","0","0","0"
"perfect","25","4","Train","5","5","0","75","1","0","0"
"perfect","25","4","Train","6","4","0","80","0","0","0"
"perfect","26","1","Train","10","0","0","100","1","0","0"
"perfect","26","1","Train","10","0","0","100","0","0","0"
"perfect","26","1","Train","8","2","0","90","1","0","0"
"perfect","26","2","Train","7","3","0","85","0","0","0"
"perfect","26","2","Train","9","1","0","95","1","0","0"
"perfect","26","2","Train","9","1","0","95","0","0","0"
"perfect","26","3","Train","8","2","0","90","0","0","0"
"perfect","26","3","Train","6","4","0","80","1","0","0"
"perfect","26","3","Train","6","4","0","80","0","0","0"
"perfect","26","4","Train","7","3","0","85","0","0","0"
"perfect","26","4","Train","5","5","0","75","0","0","0"
"perfect","26","4","Train","7","3","0","85","1","0","0"
"perfect","27","1","Train","10","0","0","100","1","0","0"
"perfect","27","1","Train","10","0","0","100","0","0","0"
"perfect","27","1","Train","9","1","0","95","1","0","0"
"perfect","27","2","Train","9","1","0","95","0","0","0"
"perfect","27","2","Train","9","1","0","95","1","0","0"
"perfect","27","2","Train","9","1","0","95","0","0","0"
"perfect","27","3","Train","6","4","0","80","0","0","0"
"perfect","27","3","Train","7","3","0","85","1","0","0"
"perfect","27","3","Train","8","2","0","90","0","0","0"
"perfect","27","4","Train","9","1","0","95","0","0","0"
"perfect","27","4","Train","7","3","0","85","1","0","0"
"perfect","27","4","Train","7","3","0","85","0","0","0"
"perfect","28","1","Train","10","0","0","100","1","0","0"
"perfect","28","1","Train","10","0","0","100","0","0","0"
"perfect","28","1","Train","9","1","0","95","1","0","0"
"perfect","28","2","Train","10","0","0","100","0","0","0"
"perfect","28","2","Train","9","1","0","95","1","0","0"
"perfect","28","2","Train","8","2","0","90","0","0","0"
"perfect","28","3","Train","8","2","0","90","0","0","0"
"perfect","28","3","Train","9","1","0","95","1","0","0"
"perfect","28","3","Train","9","1","0","95","0","0","0"
"perfect","28","4","Train","9","1","0","95","0","0","0"
"perfect","28","4","Train","10","0","0","100","1","0","0"
"perfect","28","4","Train","8","2","0","90","0","0","0"
"perfect","29","1","Train","10","0","0","100","1","0","0"
"perfect","29","1","Train","10","0","0","100","0","0","0"
"perfect","29","1","Train","10","0","0","100","1","0","0"
"perfect","29","2","Train","6","4","0","80","0","0","0"
"perfect","29","2","Train","10","0","0","100","1","0","0"
"perfect","29","2","Train","8","2","0","90","0","0","0"
"perfect","29","3","Train","9","1","0","95","0","0","0"
"perfect","29","3","Train","10","0","0","100","1","0","0"
"perfect","29","3","Train","9","1","0","95","0","0","0"
"perfect","29","4","Train","10","0","0","100","0","0","0"
"perfect","29","4","Train","9","1","0","95","1","0","0"
"perfect","29","4","Train","9","1","0","95","0","0","0"
"perfect","30","1","Train","10","0","0","100","1","0","0"
"perfect","30","1","Train","10","0","0","100","0","0","0"
"perfect","30","1","Train","9","1","0","95","1","0","0"
"perfect","30","2","Train","7","3","0","85","0","0","0"
"perfect","30","2","Train","9","1","0","95","1","0","0"
"perfect","30","2","Train","10","0","0","100","0","0","0"
"perfect","30","3","Train","8","2","0","90","0","0","0"
"perfect","30","3","Train","8","2","0","90","1","0","0"
"perfect","30","3","Train","8","2","0","90","0","0","0"
"perfect","30","4","Train","8","2","0","90","0","0","0"
"perfect","30","4","Train","8","2","0","90","1","0","0"
"perfect","30","4","Train","10","0","0","100","0","0","0"
"perfect","31","1","Train","10","0","0","100","1","0","0"
"perfect","31","1","Train","10","0","0","100","0","0","0"
"perfect","31","1","Train","10","0","0","100","1","0","0"
"perfect","31","2","Train","6","4","0","80","0","0","0"
"perfect","31","2","Train","7","3","0","85","1","0","0"
"perfect","31","2","Train","9","1","0","95","0","0","0"
"perfect","31","3","Train","6","4","0","80","0","0","0"
"perfect","31","3","Train","8","2","0","90","1","0","0"
"perfect","31","3","Train","7","3","0","85","0","0","0"
"perfect","31","4","Train","6","4","0","80","0","0","0"
"perfect","31","4","Train","6","4","0","80","0","0","0"
"perfect","31","4","Train","7","3","0","85","1","0","0"
"perfect","32","1","Train","10","0","0","100","1","0","0"
"perfect","32","1","Train","10","0","0","100","0","0","0"
"perfect","32","1","Train","10","0","0","100","1","0","0"
"perfect","32","2","Train","8","2","0","90","0","0","0"
"perfect","32","2","Train","8","2","0","90","1","0","0"
"perfect","32","2","Train","6","4","0","80","0","0","0"
"perfect","32","3","Train","9","1","0","95","0","0","0"
"perfect","32","3","Train","10","0","0","100","1","0","0"
"perfect","32","3","Train","8","2","0","90","0","0","0"
"perfect","32","4","Train","8","2","0","90","0","0","0"
"perfect","32","4","Train","7","3","0","85","1","0","0"
"perfect","32","4","Train","7","3","0","85","0","0","0"
"perfect","33","1","Train","10","0","0","100","1","0","0"
"perfect","33","1","Train","10","0","0","100","0","0","0"
"perfect","33","1","Train","10","0","0","100","1","0","0"
"perfect","33","2","Train","9","1","0","95","0","0","0"
"perfect","33","2","Train","8","2","0","90","1","0","0"
"perfect","33","2","Train","8","2","0","90","0","0","0"
"perfect","33","3","Train","10","0","0","100","0","0","0"
"perfect","33","3","Train","8","2","0","90","1","0","0"
"perfect","33","3","Train","8","2","0","90","0","0","0"
"perfect","33","4","Train","10","0","0","100","0","0","0"
"perfect","33","4","Train","5","5","0","75","1","0","0"
"perfect","33","4","Train","8","2","0","90","0","0","0"
"perfect","34","1","Train","10","0","0","100","1","0","0"
"perfect","34","1","Train","10","0","0","100","0","0","0"
"perfect","34","1","Train","9","1","0","95","1","0","0"
"perfect","34","2","Train","7","3","0","85","0","0","0"
"perfect","34","2","Train","8","2","0","90","1","0","0"
"perfect","34","2","Train","8","2","0","90","0","0","0"
"perfect","34","3","Train","9","1","0","95","0","0","0"
"perfect","34","3","Train","8","2","0","90","1","0","0"
"perfect","34","3","Train","8","2","0","90","0","0","0"
"perfect","34","4","Train","8","2","0","90","0","0","0"
"perfect","34","4","Train","8","2","0","90","1","0","0"
"perfect","34","4","Train","9","1","0","95","0","0","0"
"perfect","35","1","Train","10","0","0","100","1","0","0"
"perfect","35","1","Train","10","0","0","100","0","0","0"
"perfect","35","1","Train","9","1","0","95","1","0","0"
"perfect","35","2","Train","8","2","0","90","0","0","0"
"perfect","35","2","Train","7","3","0","85","1","0","0"
"perfect","35","2","Train","10","0","0","100","0","0","0"
"perfect","35","3","Train","7","3","0","85","0","0","0"
"perfect","35","3","Train","7","3","0","85","1","0","0"
"perfect","35","3","Train","8","2","0","90","0","0","0"
"perfect","35","4","Train","9","1","0","95","0","0","0"
"perfect","35","4","Train","9","1","0","95","1","0","0"
"perfect","35","4","Train","8","2","0","90","0","0","0"
"perfect","36","1","Train","10","0","0","100","1","0","0"
"perfect","36","1","Train","10","0","0","100","0","0","0"
"perfect","36","1","Train","10","0","0","100","1","0","0"
"perfect","36","2","Train","9","1","0","95","0","0","0"
"perfect","36","2","Train","9","1","0","95","1","0","0"
"perfect","36","2","Train","7","3","0","85","0","0","0"
"perfect","36","3","Train","9","1","0","95","0","0","0"
"perfect","36","3","Train","6","4","0","80","1","0","0"
"perfect","36","3","Train","8","2","0","90","0","0","0"
"perfect","36","4","Train","9","1","0","95","0","0","0"
"perfect","36","4","Train","9","1","0","95","1","0","0"
"perfect","36","4","Train","7","3","0","85","0","0","0"
"perfect","37","1","Train","10","0","0","100","1","0","0"
"perfect","37","1","Train","10","0","0","100","0","0","0"
"perfect","37","1","Train","9","1","0","95","1","0","0"
"perfect","37","2","Train","9","1","0","95","0","0","0"
"perfect","37","2","Train","9","1","0","95","1","0","0"
"perfect","37","2","Train","6","4","0","80","0","0","0"
"perfect","37","3","Train","7","3","0","85","0","0","0"
"perfect","37","3","Train","7","3","0","85","1","0","0"
"perfect","37","3","Train","9","1","0","95","0","0","0"
"perfect","37","4","Train","5","5","0","75","0","0","0"
"perfect","37","4","Train","8","2","0","90","0","0","0"
"perfect","37","4","Train","9","1","0","95","1","0","0"
"perfect","38","1","Train","10","0","0","100","1","0","0"
"perfect","38","1","Train","10","0","0","100","0","0","0"
"perfect","38","1","Train","8","2","0","90","1","0","0"
"perfect","38","2","Train","7","3","0","85","0","0","0"
"perfect","38","2","Train","10","0","0","100","1","0","0"
"perfect","38","2","Train","7","3","0","85","0","0","0"
"perfect","38","3","Train","6","4","0","80","0","0","0"
"perfect","38","3","Train","10","0","0","100","1","0","0"
"perfect","38","3","Train","8","2","0","90","0","0","0"
"perfect","38","4","Train","9","1","0","95","0","0","0"
"perfect","38","4","Train","9","1","0","95","1","0","0"
"perfect","38","4","Train","8","2","0","90","0","0","0"
"perfect","39","1","Train","10","0","0","100","1","0","0"
"perfect","39","1","Train","10","0","0","100","0","0","0"
"perfect","39","1","Train","9","1","0","95","1","0","0"
"perfect","39","2","Train","6","4","0","80","0","0","0"
"perfect","39","2","Train","8","2","0","90","1","0","0"
"perfect","39","2","Train","8","2","0","90","0","0","0"
"perfect","39","3","Train","6","4","0","80","0","0","0"
"perfect","39","3","Train","10","0","0","100","1","0","0"
"perfect","39","3","Train","7","3","0","85","0","0","0"
"perfect","39","4","Train","7","3","0","85","0","0","0"
"perfect","39","4","Train","7","3","0","85","0","0","0"
"perfect","39","4","Train","6","4","0","80","1","0","0"
"caring","1","1","Train","10","0","0","100","1","0","0"
"caring","1","1","Train","10","0","0","100","0","0","0"
"caring","1","1","Train","9","1","0","95","1","0","0"
"caring","1","2","Feed","10","0","0","0","0","0","0"
"caring","1","2","Train","4","6","0","70","0","0","0"
"caring","1","2","Train","10","0","0","100","1","0","0"
"caring","1","3","Clean","10","0","0","0","0","0","0"
"caring","1","3","Feed","10","0","0","0","0","0","0"
"caring","1","3","Train","8","2","0","90","0","0","0"
"caring","1","4","Clean","10","0","0","0","0","0","0"
"caring","1","4","Train","8","2","0","90","0","0","0"
"caring","1","4","Train","9","1","0","95","1","0","0"
"perfect","40","1","Train","10","0","0","100","1","0","0"
"perfect","40","1","Train","10","0","0","100","0","0","0"
"perfect","40","1","Train","10","0","0","100","1","0","0"
"perfect","40","2","Train","8","2","0","90","0","0","0"
"perfect","40","2","Train","9","1","0","95","1","0","0"
"perfect","40","2","Train","10","0","0","100","0","0","0"
"perfect","40","3","Train","7","3","0","85","0","0","0"
"perfect","40","3","Train","5","5","0","75","1","0","0"
"perfect","40","3","Train","9","1","0","95","0","0","0"
"perfect","40","4","Train","10","0","0","100","0","0","0"
"perfect","40","4","Train","7","3","0","85","1","0","0"
"perfect","40","4","Train","8","2","0","90","0","0","0"
"caring","2","1","Train","10","0","0","100","1","0","0"
"caring","2","1","Train","10","0","0","100","0","0","0"
"caring","2","1","Train","10","0","0","100","1","0","0"
"caring","2","2","Feed","10","0","0","0","0","0","0"
"caring","2","2","Train","8","2","0","90","0","0","0"
"caring","2","2","Train","9","1","0","95","1","0","0"
"caring","2","3","Clean","10","0","0","0","0","0","0"
"caring","2","3","Feed","10","0","0","0","0","0","0"
"caring","2","3","Train","9","1","0","95","0","0","0"
"caring","2","4","Clean","10","0","0","0","0","0","0"
"caring","2","4","Train","9","1","0","95","0","0","0"
"caring","2","4","Train","7","3","0","85","1","0","0"
"caring","3","1","Train","10","0","0","100","1","0","0"
"caring","3","1","Train","10","0","0","100","0","0","0"
"caring","3","1","Train","8","2","0","90","1","0","0"
"caring","3","2","Feed","10","0","0","0","0","0","0"
"caring","3","2","Train","5","5","0","75","0","0","0"
"caring","3","2","Train","7","3","0","85","1","0","0"
"caring","3","3","Clean","10","0","0","0","0","0","0"
"caring","3","3","Feed","10","0","0","0","0","0","0"
"caring","3","3","Train","8","2","0","90","0","0","0"
"caring","3","4","Clean","10","0","0","0","0","0","0"
"caring","3","4","Train","8","2","0","90","0","0","0"
"caring","3","4","Train","8","2","0","90","1","0","0"
"caring","4","1","Train","10","0","0","100","1","0","0"
"caring","4","1","Train","10","0","0","100","0","0","0"
"caring","4","1","Train","8","2","0","90","1","0","0"
"caring","4","2","Feed","10","0","0","0","0","0","0"
"caring","4","2","Train","7","3","0","85","0","0","0"
"caring","4","2","Train","7","3","0","85","1","0","0"
"caring","4","3","Clean","10","0","0","0","0","0","0"
"caring","4","3","Feed","10","0","0","0","0","0","0"
"caring","4","3","Train","7","3","0","85","0","0","0"
"caring","4","4","Clean","10","0","0","0","0","0","0"
"caring","4","4","Train","8","2","0","90","0","0","0"
"caring","4","4","Train","7","3","0","85","1","0","0"
"caring","5","1","Train","10","0","0","100","1","0","0"
"caring","5","1","Train","10","0","0","100","0","0","0"
"caring","5","1","Train","9","1","0","95","1","0","0"
"caring","5","2","Feed","10","0","0","0","0","0","0"
"caring","5","2","Train","8","2","0","90","0","0","0"
"caring","5","2","Train","9","1","0","95","1","0","0"
"caring","5","3","Clean","10","0","0","0","0","0","0"
"caring","5","3","Feed","10","0","0","0","0","0","0"
"caring","5","3","Train","9","1","0","95","0","0","0"
"caring","5","4","Clean","10","0","0","0","0","0","0"
"caring","5","4","Train","8","2","0","90","0","0","0"
"caring","5","4","Train","10","0","0","100","1","0","0"
"caring","6","1","Train","10","0","0","100","1","0","0"
"caring","6","1","Train","10","0","0","100","0","0","0"
"caring","6","1","Train","9","1","0","95","1","0","0"
"caring","6","2","Feed","10","0","0","0","0","0","0"
"caring","6","2","Train","7","3","0","85","0","0","0"
"caring","6","2","Train","8","2","0","90","1","0","0"
"caring","6","3","Clean","10","0","0","0","0","0","0"
"caring","6","3","Feed","10","0","0","0","0","0","0"
"caring","6","3","Train","9","1","0","95","0","0","0"
"caring","6","4","Clean","10","0","0","0","0","0","0"
"caring","6","4","Train","8","2","0","90","0","0","0"
"caring","6","4","Train","10","0","0","100","1","0","0"
"caring","7","1","Train","10","0","0","100","1","0","0"
"caring","7","1","Train","10","0","0","100","0","0","0"
"caring","7","1","Train","10","0","0","100","1","0","0"
"caring","7","2","Feed","10","0","0","0","0","0","0"
"caring","7","2","Train","7","3","0","85","0","0","0"
"caring","7","2","Train","10","0","0","100","1","0","0"
"caring","7","3","Clean","10","0","0","0","0","0","0"
"caring","7","3","Feed","10","0","0","0","0","0","0"
"caring","7","3","Train","7","3","0","85","0","0","0"
"caring","7","4","Clean","10","0","0","0","0","0","0"
"caring","7","4","Train","6","4","0","80","0","0","0"
"caring","7","4","Train","9","1","0","95","1","0","0"
"caring","8","1","Train","10","0","0","100","1","0","0"
"caring","8","1","Train","10","0","0","100","0","0","0"
"caring","8","1","Train","9","1","0","95","1","0","0"
"caring","8","2","Feed","10","0","0","0","0","0","0"
"caring","8","2","Train","7","3","0","85","0","0","0"
"caring","8","2","Train","7","3","0","85","1","0","0"
"caring","8","3","Clean","10","0","0","0","0","0","0"
"caring","8","3","Feed","10","0","0","0","0","0","0"
"caring","8","3","Train","7","3","0","85","0","0","0"
"caring","8","4","Clean","10","0","0","0","0","0","0"
"caring","8","4","Train","6","4","0","80","0","0","0"
"caring","8","4","Train","9","1","0","95","1","0","0"
"caring","9","1","Train","10","0","0","100","1","0","0"
"caring","9","1","Train","10","0","0","100","0","0","0"
"caring","9","1","Train","9","1","0","95","1","0","0"
"caring","9","2","Feed","10","0","0","0","0","0","0"
"caring","9","2","Train","9","1","0","95","0","0","0"
"caring","9","2","Train","9","1","0","95","1","0","0"
"caring","9","3","Clean","10","0","0","0","0","0","0"
"caring","9","3","Feed","10","0","0","0","0","0","0"
"caring","9","3","Train","9","1","0","95","0","0","0"
"caring","9","4","Clean","10","0","0","0","0","0","0"
"caring","9","4","Train","8","2","0","90","0","0","0"
"caring","9","4","Train","9","1","0","95","1","0","0"
"caring","10","1","Train","10","0","0","100","1","0","0"
"caring","10","1","Train","10","0","0","100","0","0","0"
"caring","10","1","Train","9","1","0","95","1","0","0"
"caring","10","2","Feed","10","0","0","0","0","0","0"
"caring","10","2","Train","8","2","0","90","0","0","0"
"caring","10","2","Train","9","1","0","95","1","0","0"
"caring","10","3","Clean","10","0","0","0","0","0","0"
"caring","10","3","Feed","10","0","0","0","0","0","0"
"caring","10","3","Train","7","3","0","85","0","0","0"
"caring","10","4","Clean","10","0","0","0","0","0","0"
"caring","10","4","Train","10","0","0","100","0","0","0"
"caring","10","4","Train","8","2","0","90","1","0","0"
"caring","11","1","Train","10","0","0","100","1","0","0"
"caring","11","1","Train","10","0","0","100","0","0","0"
"caring","11","1","Train","10","0","0","100","1","0","0"
"caring","11","2","Feed","10","0","0","0","0","0","0"
"caring","11","2","Train","8","2","0","90","0","0","0"
"caring","11","2","Train","9","1","0","95","1","0","0"
"caring","11","3","Clean","10","0","0","0","0","0","0"
"caring","11","3","Feed","10","0","0","0","0","0","0"
"caring","11","3","Train","9","1","0","95","0","0","0"
"caring","11","4","Clean","10","0","0","0","0","0","0"
"caring","11","4","Train","8","2","0","90","0","0","0"
"caring","11","4","Train","7","3","0","85","1","0","0"
"caring","12","1","Train","10","0","0","100","1","0","0"
"caring","12","1","Train","10","0","0","100","0","0","0"
"caring","12","1","Train","10","0","0","100","1","0","0"
"caring","12","2","Feed","10","0","0","0","0","0","0"
"caring","12","2","Train","7","3","0","85","0","0","0"
"caring","12","2","Train","9","1","0","95","1","0","0"
"caring","12","3","Clean","10","0","0","0","0","0","0"
"caring","12","3","Feed","10","0","0","0","0","0","0"
"caring","12","3","Train","7","3","0","85","0","0","0"
"caring","12","4","Clean","10","0","0","0","0","0","0"
"caring","12","4","Train","5","5","0","75","0","0","0"
"caring","12","4","Train","9","1","0","95","1","0","0"
"caring","13","1","Train","10","0","0","100","1","0","0"
"caring","13","1","Train","10","0","0","100","0","0","0"
"caring","13","1","Train","9","1","0","95","1","0","0"
"caring","13","2","Feed","10","0","0","0","0","0","0"
"caring","13","2","Train","6","4","0","80","0","0","0"
"caring","13","2","Train","6","4","0","80","1","0","0"
"caring","13","3","Clean","10","0","0","0","0","0","0"
"caring","13","3","Feed","10","0","0","0","0","0","0"
"caring","13","3","Train","10","0","0","100","0","0","0"
"caring","13","4","Clean","10","0","0","0","0","0","0"
"caring","13","4","Train","8","2","0","90","0","0","0"
"caring","13","4","Train","7","3","0","85","1","0","0"
"caring","14","1","Train","10","0","0","100","1","0","0"
"caring","14","1","Train","10","0","0","100","0","0","0"
"caring","14","1","Train","9","1","0","95","1","0","0"
"caring","14","2","Feed","10","0","0","0","0","0","0"
"caring","14","2","Train","8","2","0","90","0","0","0"
"caring","14","2","Train","7","3","0","85","1","0","0"
"caring","14","3","Clean","10","0","0","0","0","0","0"
"caring","14","3","Feed","10","0","0","0","0","0","0"
"caring","14","3","Train","9","1","0","95","0","0","0"
"caring","14","4","Clean","10","0","0","0","0","0","0"
"caring","14","4","Train","8","2","0","90","0","0","0"
"caring","14","4","Train","8","2","0","90","1","0","0"
"caring","15","1","Train","10","0","0","100","1","0","0"
"caring","15","1","Train","10","0","0","100","0","0","0"
"caring","15","1","Train","8","2","0","90","1","0","0"
"caring","15","2","Feed","10","0","0","0","0","0","0"
"caring","15","2","Train","10","0","0","100","0","0","0"
"caring","15","2","Train","9","1","0","95","1","0","0"
"caring","15","3","Clean","10","0","0","0","0","0","0"
"caring","15","3","Feed","10","0","0","0","0","0","0"
"caring","15","3","Train","9","1","0","95","0","0","0"
"caring","15","4","Clean","10","0","0","0","0","0","0"
"caring","15","4","Train","7","3","0","85","0","0","0"
"caring","15","4","Train","6","4","0","80","1","0","0"
"caring","16","1","Train","10","0","0","100","1","0","0"
"caring","16","1","Train","10","0","0","100","0","0","0"
"caring","16","1","Train","8","2","0","90","1","0","0"
"caring","16","2","Feed","10","0","0","0","0","0","0"
"caring","16","2","Train","8","2","0","90","0","0","0"
"caring","16","2","Train","8","2","0","90","1","0","0"
"caring","16","3","Clean","10","0","0","0","0","0","0"
"caring","16","3","Feed","10","0","0","0","0","0","0"
"caring","16","3","Train","10","0","0","100","0","0","0"
"caring","16","4","Clean","10","0","0","0","0","0","0"
"caring","16","4","Train","10","0","0","100","0","0","0"
"caring","16","4","Train","9","1","0","95","1","0","0"
"caring","17","1","Train","10","0","0","100","1","0","0"
"caring","17","1","Train","10","0","0","100","0","0","0"
"caring","17","1","Train","10","0","0","100","1","0","0"
"caring","17","2","Feed","10","0","0","0","0","0","0"
"caring","17","2","Train","9","1","0","95","0","0","0"
"caring","17","2","Train","7","3","0","85","1","0","0"
"caring","17","3","Clean","10","0","0","0","0","0","0"
"caring","17","3","Feed","10","0","0","0","0","0","0"
"caring","17","3","Train","7","3","0","85","0","0","0"
"caring","17","4","Clean","10","0","0","0","0","0","0"
"caring","17","4","Train","7","3","0","85","0","0","0"
"caring","17","4","Train","8","2","0","90","1","0","0"
"caring","18","1","Train","10","0","0","100","1","0","0"
"caring","18","1","Train","10","0","0","100","0","0","0"
"caring","18","1","Train","9","1","0","95","1","0","0"
"caring","18","2","Feed","10","0","0","0","0","0","0"
"caring","18","2","Train","10","0","0","100","0","0","0"
"caring","18","2","Train","7","3","0","85","1","0","0"
"caring","18","3","Clean","10","0","0","0","0","0","0"
"caring","18","3","Feed","10","0","0","0","0","0","0"
"caring","18","3","Train","10","0","0","100","0","0","0"
"caring","18","4","Clean","10","0","0","0","0","0","0"
"caring","18","4","Train","8","2","0","90","0","0","0"
"caring","18","4","Train","7","3","0","85","1","0","0"
"caring","19","1","Train","10","0","0","100","1","0","0"
"caring","19","1","Train","10","0","0","100","0","0","0"
"caring","19","1","Train","9","1","0","95","1","0","0"
"caring","19","2","Feed","10","0","0","0","0","0","0"
"caring","19","2","Train","8","2","0","90","0","0","0"
"caring","19","2","Train","9","1","0","95","1","0","0"
"caring","19","3","Clean","10","0","0","0","0","0","0"
"caring","19","3","Feed","10","0","0","0","0","0","0"
"caring","19","3","Train","8","2","0","90","0","0","0"
"caring","19","4","Clean","10","0","0","0","0","0","0"
"caring","19","4","Train","7","3","0","85","0","0","0"
"caring","19","4","Train","10","0","0","100","1","0","0"
"caring","20","1","Train","10","0","0","100","1","0","0"
"caring","20","1","Train","10","0","0","100","0","0","0"
"caring","20","1","Train","9","1","0","95","1","0","0"
"caring","20","2","Feed","10","0","0","0","0","0","0"
"caring","20","2","Train","8","2","0","90","0","0","0"
"caring","20","2","Train","7","3","0","85","1","0","0"
"caring","20","3","Clean","10","0","0","0","0","0","0"
"caring","20","3","Feed","10","0","0","0","0","0","0"
"caring","20","3","Train","8","2","0","90","0","0","0"
"caring","20","4","Clean","10","0","0","0","0","0","0"
"caring","20","4","Train","9","1","0","95","0","0","0"
"caring","20","4","Train","9","1","0","95","1","0","0"
"caring","21","1","Train","10","0","0","100","1","0","0"
"caring","21","1","Train","10","0","0","100","0","0","0"
"caring","21","1","Train","9","1","0","95","1","0","0"
"caring","21","2","Feed","10","0","0","0","0","0","0"
"caring","21","2","Train","8","2","0","90","0","0","0"
"caring","21","2","Train","8","2","0","90","1","0","0"
"caring","21","3","Clean","10","0","0","0","0","0","0"
"caring","21","3","Feed","10","0","0","0","0","0","0"
"caring","21","3","Train","8","2","0","90","0","0","0"
"caring","21","4","Clean","10","0","0","0","0","0","0"
"caring","21","4","Train","6","4","0","80","0","0","0"
"caring","21","4","Train","8","2","0","90","1","0","0"
"caring","22","1","Train","10","0","0","100","1","0","0"
"caring","22","1","Train","10","0","0","100","0","0","0"
"caring","22","1","Train","10","0","0","100","1","0","0"
"caring","22","2","Feed","10","0","0","0","0","0","0"
"caring","22","2","Train","6","4","0","80","0","0","0"
"caring","22","2","Train","4","6","0","70","1","0","0"
"caring","22","3","Clean","10","0","0","0","0","0","0"
"caring","22","3","Feed","10","0","0","0","0","0","0"
"caring","22","3","Train","9","1","0","95","0","0","0"
"caring","22","4","Clean","10","0","0","0","0","0","0"
"caring","22","4","Train","7","3","0","85","0","0","0"
"caring","22","4","Train","7","3","0","85","1","0","0"
"caring","23","1","Train","10","0","0","100","1","0","0"
"caring","23","1","Train","10","0","0","100","0","0","0"
"caring","23","1","Train","7","3","0","85","1","0","0"
"caring","23","2","Feed","10","0","0","0","0","0","0"
"caring","23","2","Train","9","1","0","95","0","0","0"
"caring","23","2","Train","7","3","0","85","1","0","0"
"caring","23","3","Clean","10","0","0","0","0","0","0"
"caring","23","3","Feed","10","0","0","0","0","0","0"
"caring","23","3","Train","8","2","0","90","0","0","0"
"caring","23","4","Clean","10","0","0","0","0","0","0"
"caring","23","4","Train","9","1","0","95","0","0","0"
"caring","23","4","Train","8","2","0","90","1","0","0"
"caring","24","1","Train","10","0","0","100","1","0","0"
"caring","24","1","Train","10","0","0","100","0","0","0"
"caring","24","1","Train","8","2","0","90","1","0","0"
"caring","24","2","Feed","10","0","0","0","0","0","0"
"caring","24","2","Train","9","1","0","95","0","0","0"
"caring","24","2","Train","8","2","0","90","1","0","0"
"caring","24","3","Clean","10","0","0","0","0","0","0"
"caring","24","3","Feed","10","0","0","0","0","0","0"
"caring","24","3","Train","8","2","0","90","0","0","0"
"caring","24","4","Clean","10","0","0","0","0","0","0"
"caring","24","4","Train","8","2","0","90","0","0","0"
"caring","24","4","Train","5","5","0","75","1","0","0"
"caring","25","1","Train","10","0","0","100","1","0","0"
"caring","25","1","Train","10","0","0","100","0","0","0"
"caring","25","1","Train","8","2","0","90","1","0","0"
"caring","25","2","Feed","10","0","0","0","0","0","0"
"caring","25","2","Train","9","1","0","95","0","0","0"
"caring","25","2","Train","6","4","0","80","1","0","0"
"caring","25","3","Clean","10","0","0","0","0","0","0"
"caring","25","3","Feed","10","0","0","0","0","0","0"
"caring","25","3","Train","7","3","0","85","0","0","0"
"caring","25","4","Clean","10","0","0","0","0","0","0"
"caring","25","4","Train","7","3","0","85","0","0","0"
"caring","25","4","Train","9","1","0","95","1","0","0"
"caring","26","1","Train","10","0","0","100","1","0","0"
"caring","26","1","Train","10","0","0","100","0","0","0"
"caring","26","1","Train","8","2","0","90","1","0","0"
"caring","26","2","Feed","10","0","0","0","0","0","0"
"caring","26","2","Train","7","3","0","85","0","0","0"
"caring","26","2","Train","7","3","0","85","1","0","0"
"caring","26","3","Clean","10","0","0","0","0","0","0"
"caring","26","3","Feed","10","0","0","0","0","0","0"
"caring","26","3","Train","6","4","0","80","0","0","0"
"caring","26","4","Clean","10","0","0","0","0","0","0"
"caring","26","4","Train","8","2","0","90","0","0","0"
"caring","26","4","Train","7","3","0","85","1","0","0"
"caring","27","1","Train","10","0","0","100","1","0","0"
"caring","27","1","Train","10","0","0","100","0","0","0"
"caring","27","1","Train","9","1","0","95","1","0","0"
"caring","27","2","Feed","10","0","0","0","0","0","0"
"caring","27","2","Train","8","2","0","90","0","0","0"
"caring","27","2","Train","9","1","0","95","1","0","0"
"caring","27","3","Clean","10","0","0","0","0","0","0"
"caring","27","3","Feed","10","0","0","0","0","0","0"
"caring","27","3","Train","10","0","0","100","0","0","0"
"caring","27","4","Clean","10","0","0","0","0","0","0"
"caring","27","4","Train","8","2","0","90","0","0","0"
"caring","27","4","Train","6","4","0","80","1","0","0"
"caring","28","1","Train","10","0","0","100","1","0","0"
"caring","28","1","Train","10","0","0","100","0","0","0"
"caring","28","1","Train","9","1","0","95","1","0","0"
"caring","28","2","Feed","10","0","0","0","0","0","0"
"caring","28","2","Train","9","1","0","95","0","0","0"
"caring","28","2","Train","8","2","0","90","1","0","0"
"caring","28","3","Clean","10","0","0","0","0","0","0"
"caring","28","3","Feed","10","0","0","0","0","0","0"
"caring","28","3","Train","9","1","0","95","0","0","0"
"caring","28","4","Clean","10","0","0","0","0","0","0"
"caring","28","4","Train","9","1","0","95","0","0","0"
"caring","28","4","Train","9","1","0","95","1","0","0"
"caring","29","1","Train","10","0","0","100","1","0","0"
"caring","29","1","Train","10","0","0","100","0","0","0"
"caring","29","1","Train","10","0","0","100","1","0","0"
"caring","29","2","Feed","10","0","0","0","0","0","0"
"caring","29","2","Train","10","0","0","100","0","0","0"
"caring","29","2","Train","8","2","0","90","1","0","0"
"caring","29","3","Clean","10","0","0","0","0","0","0"
"caring","29","3","Feed","10","0","0","0","0","0","0"
"caring","29","3","Train","6","4","0","80","0","0","0"
"caring","29","4","Clean","10","0","0","0","0","0","0"
"caring","29","4","Train","10","0","0","100","0","0","0"
"caring","29","4","Train","7","3","0","85","1","0","0"
"caring","30","1","Train","10","0","0","100","1","0","0"
"caring","30","1","Train","10","0","0","100","0","0","0"
"caring","30","1","Train","9","1","0","95","1","0","0"
"caring","30","2","Feed","10","0","0","0","0","0","0"
"caring","30","2","Train","9","1","0","95","0","0","0"
"caring","30","2","Train","9","1","0","95","1","0","0"
"caring","30","3","Clean","10","0","0","0","0","0","0"
"caring","30","3","Feed","10","0","0","0","0","0","0"
"caring","30","3","Train","6","4","0","80","0","0","0"
"caring","30","4","Clean","10","0","0","0","0","0","0"
"caring","30","4","Train","6","4","0","80","0","0","0"
"caring","30","4","Train","8","2","0","90","1","0","0"
"caring","31","1","Train","10","0","0","100","1","0","0"
"caring","31","1","Train","10","0","0","100","0","0","0"
"caring","31","1","Train","10","0","0","100","1","0","0"
"caring","31","2","Feed","10","0","0","0","0","0","0"
"caring","31","2","Train","7","3","0","85","0","0","0"
"caring","31","2","Train","9","1","0","95","1","0","0"
"caring","31","3","Clean","10","0","0","0","0","0","0"
"caring","31","3","Feed","10","0","0","0","0","0","0"
"caring","31","3","Train","9","1","0","95","0","0","0"
"caring","31","4","Clean","10","0","0","0","0","0","0"
"caring","31","4","Train","6","4","0","80","0","0","0"
"caring","31","4","Train","8","2","0","90","1","0","0"
"caring","32","1","Train","10","0","0","100","1","0","0"
"caring","32","1","Train","10","0","0","100","0","0","0"
"caring","32","1","Train","10","0","0","100","1","0","0"
"caring","32","2","Feed","10","0","0","0","0","0","0"
"caring","32","2","Train","9","1","0","95","0","0","0"
"caring","32","2","Train","5","5","0","75","1","0","0"
"caring","32","3","Clean","10","0","0","0","0","0","0"
"caring","32","3","Feed","10","0","0","0","0","0","0"
"caring","32","3","Train","7","3","0","85","0","0","0"
"caring","32","4","Clean","10","0","0","0","0","0","0"
"caring","32","4","Train","8","2","0","90","0","0","0"
"caring","32","4","Train","7","3","0","85","1","0","0"
"caring","33","1","Train","10","0","0","100","1","0","0"
"caring","33","1","Train","10","0","0","100","0","0","0"
"caring","33","1","Train","10","0","0","100","1","0","0"
"caring","33","2","Feed","10","0","0","0","0","0","0"
"caring","33","2","Train","8","2","0","90","0","0","0"
"caring","33","2","Train","9","1","0","95","1","0","0"
"caring","33","3","Clean","10","0","0","0","0","0","0"
"caring","33","3","Feed","10","0","0","0","0","0","0"
"caring","33","3","Train","6","4","0","80","0","0","0"
"caring","33","4","Clean","10","0","0","0","0","0","0"
"caring","33","4","Train","9","1","0","95","0","0","0"
"caring","33","4","Train","8","2","0","90","1","0","0"
"caring","34","1","Train","10","0","0","100","1","0","0"
"caring","34","1","Train","10","0","0","100","0","0","0"
"caring","34","1","Train","9","1","0","95","1","0","0"
"caring","34","2","Feed","10","0","0","0","0","0","0"
"caring","34","2","Train","10","0","0","100","0","0","0"
"caring","34","2","Train","9","1","0","95","1","0","0"
"caring","34","3","Clean","10","0","0","0","0","0","0"
"caring","34","3","Feed","10","0","0","0","0","0","0"
"caring","34","3","Train","7","3","0","85","0","0","0"
"caring","34","4","Clean","10","0","0","0","0","0","0"
"caring","34","4","Train","8","2","0","90","0","0","0"
"caring","34","4","Train","8","2","0","90","1","0","0"
"caring","35","1","Train","10","0","0","100","1","0","0"
"caring","35","1","Train","10","0","0","100","0","0","0"
"caring","35","1","Train","9","1","0","95","1","0","0"
"caring","35","2","Feed","10","0","0","0","0","0","0"
"caring","35","2","Train","7","3","0","85","0","0","0"
"caring","35","2","Train","10","0","0","100","1","0","0"
"caring","35","3","Clean","10","0","0","0","0","0","0"
"caring","35","3","Feed","10","0","0","0","0","0","0"
"caring","35","3","Train","10","0","0","100","0","0","0"
"caring","35","4","Clean","10","0","0","0","0","0","0"
"caring","35","4","Train","6","4","0","80","0","0","0"
"caring","35","4","Train","7","3","0","85","1","0","0"
"caring","36","1","Train","10","0","0","100","1","0","0"
"caring","36","1","Train","10","0","0","100","0","0","0"
"caring","36","1","Train","10","0","0","100","1","0","0"
"caring","36","2","Feed","10","0","0","0","0","0","0"
"caring","36","2","Train","9","1","0","95","0","0","0"
"caring","36","2","Train","7","3","0","85","1","0","0"
"caring","36","3","Clean","10","0","0","0","0","0","0"
"caring","36","3","Feed","10","0","0","0","0","0","0"
"caring","36","3","Train","9","1","0","95","0","0","0"
"caring","36","4","Clean","10","0","0","0","0","0","0"
"caring","36","4","Train","8","2","0","90","0","0","0"
"caring","36","4","Train","6","4","0","80","1","0","0"
"caring","37","1","Train","10","0","0","100","1","0","0"
"caring","37","1","Train","10","0","0","100","0","0","0"
"caring","37","1","Train","9","1","0","95","1","0","0"
"caring","37","2","Feed","10","0","0","0","0","0","0"
"caring","37","2","Train","8","2","0","90","0","0","0"
"caring","37","2","Train","9","1","0","95","1","0","0"
"caring","37","3","Clean","10","0","0","0","0","0","0"
"caring","37","3","Feed","10","0","0","0","0","0","0"
"caring","37","3","Train","7","3","0","85","0","0","0"
"caring","37","4","Clean","10","0","0","0","0","0","0"
"caring","37","4","Train","7","3","0","85","0","0","0"
"caring","37","4","Train","6","4","0","80","1","0","0"
"caring","38","1","Train","10","0","0","100","1","0","0"
"caring","38","1","Train","10","0","0","100","0","0","0"
"caring","38","1","Train","8","2","0","90","1","0","0"
"caring","38","2","Feed","10","0","0","0","0","0","0"
"caring","38","2","Train","10","0","0","100","0","0","0"
"caring","38","2","Train","7","3","0","85","1","0","0"
"caring","38","3","Clean","10","0","0","0","0","0","0"
"caring","38","3","Feed","10","0","0","0","0","0","0"
"caring","38","3","Train","8","2","0","90","0","0","0"
"caring","38","4","Clean","10","0","0","0","0","0","0"
"caring","38","4","Train","8","2","0","90","0","0","0"
"caring","38","4","Train","8","2","0","90","1","0","0"
"caring","39","1","Train","10","0","0","100","1","0","0"
"caring","39","1","Train","10","0","0","100","0","0","0"
"caring","39","1","Train","9","1","0","95","1","0","0"
"caring","39","2","Feed","10","0","0","0","0","0","0"
"caring","39","2","Train","8","2","0","90","0","0","0"
"caring","39","2","Train","8","2","0","90","1","0","0"
"caring","39","3","Clean","10","0","0","0","0","0","0"
"caring","39","3","Feed","10","0","0","0","0","0","0"
"caring","39","3","Train","10","0","0","100","0","0","0"
"caring","39","4","Clean","10","0","0","0","0","0","0"
"caring","39","4","Train","9","1","0","95","0","0","0"
"caring","39","4","Train","9","1","0","95","1","0","0"
"caring","40","1","Train","10","0","0","100","1","0","0"
"caring","40","1","Train","10","0","0","100","0","0","0"
"caring","40","1","Train","10","0","0","100","1","0","0"
"caring","40","2","Feed","10","0","0","0","0","0","0"
"caring","40","2","Train","10","0","0","100","0","0","0"
"caring","40","2","Train","7","3","0","85","1","0","0"
"caring","40","3","Clean","10","0","0","0","0","0","0"
"caring","40","3","Feed","10","0","0","0","0","0","0"
"caring","40","3","Train","9","1","0","95","0","0","0"
"caring","40","4","Clean","10","0","0","0","0","0","0"
"caring","40","4","Train","9","1","0","95","0","0","0"
"caring","40","4","Train","7","3","0","85","1","0","0"
"sloppy","1","1","Clean","3","5","2","0","0","0","0"
"sloppy","1","1","Train","9","1","0","95","0","0","0"
"sloppy","1","1","Feed","3","5","2","0","0","0","0"
"sloppy","2","1","Feed","5","3","2","0","0","0","0"
"sloppy","2","1","Train","5","4","1","70","0","0","0"
"sloppy","2","1","Clean","2","7","1","0","0","0","0"
"sloppy","2","2","Train","5","3","2","65","1","0","0"
"sloppy","2","2","Clean","2","5","3","0","0","0","0"
"sloppy","2","2","Heal","2","4","4","0","0","0","0"
"sloppy","2","3","Train","7","2","1","80","0","0","0"
"sloppy","2","3","Feed","0","8","2","0","0","0","0"
"sloppy","2","3","Feed","2","4","4","0","0","0","0"
"sloppy","2","4","Feed","0","8","2","0","0","0","0"
"sloppy","2","4","Train","4","2","4","50","1","0","0"
"sloppy","2","4","Train","8","0","2","80","0","0","0"
"sloppy","3","1","Feed","3","4","3","0","0","0","0"
"sloppy","3","1","Feed","2","5","3","0","0","0","0"
"sloppy","3","1","Train","7","2","1","80","0","0","0"
"sloppy","3","2","Feed","1","7","2","0","0","0","0"
"sloppy","3","2","Clean","2","5","3","0","0","0","0"
"sloppy","3","2","Feed","0","7","3","0","0","0","0"
"sloppy","3","3","Feed","3","6","1","0","0","0","0"
"sloppy","3","3","Train","4","6","0","70","1","0","0"
"sloppy","3","3","Heal","2","4","4","0","0","0","0"
"sloppy","3","4","Train","5","4","1","70","0","0","0"
"sloppy","3","4","Train","7","0","3","70","1","0","0"
"sloppy","3","4","Train","6","1","3","65","0","0","0"
"sloppy","4","1","Feed","3","5","2","0","0","0","0"
"sloppy","4","1","Train","8","0","2","80","0","0","0"
"sloppy","4","1","Train","7","3","0","85","1","0","0"
"sloppy","4","2","Feed","5","4","1","0","0","0","0"
"sloppy","4","2","Train","5","4","1","70","0","0","0"
"sloppy","4","2","Clean","1","6","3","0","0","0","0"
"sloppy","4","3","Train","8","1","1","85","1","0","0"
"sloppy","4","3","Train","5","2","3","60","0","0","0"
"sloppy","4","3","Clean","5","4","1","0","0","0","0"
"sloppy","4","4","Train","5","4","1","70","1","0","0"
"sloppy","4","4","Train","6","2","2","70","0","0","0"
"sloppy","4","4","Train","6","2","2","70","0","0","0"
"sloppy","5","1","Train","4","3","3","55","0","0","0"
"sloppy","5","1","Train","4","4","2","60","1","0","0"
"sloppy","5","1","Train","5","3","2","65","0","0","0"
"sloppy","5","2","Train","6","2","2","70","1","0","0"
"sloppy","5","2","Train","4","4","2","60","0","0","0"
"sloppy","5","2","Clean","2","5","3","0","0","0","0"
"sloppy","5","3","Feed","0","9","1","0","0","0","0"
"sloppy","5","3","Train","3","4","3","50","0","0","0"
"sloppy","5","3","Train","6","3","1","75","0","0","0"
"sloppy","5","4","Clean","3","5","2","0","0","0","0"
"sloppy","5","4","Train","8","1","1","85","1","0","0"
"sloppy","5","4","Feed","2","7","1","0","0","0","0"
"sloppy","6","1","Train","4","4","2","60","0","0","0"
"sloppy","6","1","Heal","4","4","2","0","0","0","0"
"sloppy","6","1","Feed","3","7","0","0","0","0","0"
"sloppy","6","2","Feed","3","4","3","0","0","0","0"
"sloppy","6","2","Train","8","1","1","85","1","0","0"
"sloppy","6","2","Feed","0","7","3","0","0","0","0"
"sloppy","6","3","Feed","3","6","1","0","0","0","0"
"sloppy","6","3","Train","5","2","3","60","0","0","0"
"sloppy","6","3","Train","6","3","1","75","1","0","0"
"sloppy","6","4","Train","5","3","2","65","0","0","0"
"sloppy","6","4","Train","6","3","1","75","0","0","0"
"sloppy","6","4","Train","4","5","1","65","1","0","0"
"sloppy","7","1","Train","6","4","0","80","0","0","0"
"sloppy","7","1","Train","6","3","1","75","1","0","0"
"sloppy","7","1","Train","7","2","1","80","0","0","0"
"sloppy","7","2","Feed","1","3","6","0","0","0","0"
"sloppy","7","2","Train","8","1","1","85","1","0","0"
"sloppy","7","2","Train","4","4","2","60","0","0","0"
"sloppy","7","3","Train","6","3","1","75","1","0","0"
"sloppy","7","3","Train","9","0","1","90","0","0","0"
"sloppy","7","3","Clean","2","4","4","0","0","0","0"
"sloppy","7","4","Train","5","3","2","65","0","0","0"
"sloppy","7","4","Train","5","2","3","60","0","0","0"
"sloppy","7","4","Train","7","1","2","75","1","0","0"
"sloppy","8","1","Train","8","2","0","90","0","0","0"
"sloppy","8","1","Train","8","2","0","90","1","0","0"
"sloppy","8","1","Train","5","4","1","70","1","0","0"
"sloppy","8","2","Train","8","1","1","85","0","0","0"
"sloppy","8","2","Feed","2","6","2","0","0","0","0"
"sloppy","8","2","Heal","0","6","4","0","0","0","0"
"sloppy","8","3","Train","6","2","2","70","0","0","0"
"sloppy","8","3","Feed","2","6","2","0","0","0","0"
"sloppy","8","3","Clean","1","8","1","0","0","0","0"
"sloppy","8","4","Train","2","3","5","35","0","0","0"
"sloppy","8","4","Train","6","1","3","65","1","0","0"
"sloppy","8","4","Train","9","0","1","90","0","0","0"
"sloppy","10","1","Train","5","3","2","65","0","0","0"
"sloppy","10","1","Train","4","2","4","50","1","0","0"
"sloppy","10","1","Clean","1","8","1","0","0","0","0"
"sloppy","10","2","Train","5","3","2","65","0","0","0"
"sloppy","10","2","Feed","6","4","0","0","0","0","0"
"sloppy","10","2","Train","4","3","3","55","0","0","0"
"sloppy","10","3","Feed","3","6","1","0","0","0","0"
"sloppy","10","3","Train","6","2","2","70","1","0","0"
"sloppy","10","3","Train","6","3","1","75","0","0","0"
"sloppy","10","4","Heal","3","5","2","0","0","0","0"
"sloppy","10","4","Train","5","3","2","65","0","0","0"
"sloppy","10","4","Train","4","3","3","55","1","0","0"
"sloppy","9","1","Train","6","3","1","75","0","0","0"
"sloppy","9","1","Train","7","2","1","80","1","0","0"
"sloppy","9","1","Train","5","4","1","70","0","0","0"
"sloppy","11","1","Train","8","2","0","90","0","0","0"
"sloppy","11","1","Train","7","2","1","80","1","0","0"
"sloppy","11","1","Feed","5","3","2","0","0","0","0"
"sloppy","11","2","Train","6","1","3","65","0","0","0"
"sloppy","11","2","Train","6","2","2","70","1","0","0"
"sloppy","11","2","Clean","0","6","4","0","0","0","0"
"sloppy","11","3","Train","4","4","2","60","0","0","0"
"sloppy","11","3","Train","7","1","2","75","0","0","0"
"sloppy","11","3","Train","4","6","0","70","1","0","0"
"sloppy","11","4","Feed","2","3","5","0","0","0","0"
"sloppy","11","4","Train","4","4","2","60","0","0","0"
"sloppy","11","4","Feed","4","5","1","0","0","0","0"
"sloppy","12","1","Clean","1","6","3","0","0","0","0"
"sloppy","12","1","Feed","7","2","1","0","0","0","0"
"sloppy","12","1","Clean","2","6","2","0","0","0","0"
"sloppy","13","1","Feed","0","7","3","0","0","0","0"
"sloppy","13","1","Feed","2","6","2","0","0","0","0"
"sloppy","13","1","Train","5","5","0","75","0","0","0"
"sloppy","13","2","Train","7","3","0","85","1","0","0"
"sloppy","13","2","Feed","1","5","4","0","0","0","0"
"sloppy","13","2","Train","6","2","2","70","0","0","0"
"sloppy","13","3","Train","6","2","2","70","1","0","0"
"sloppy","13","3","Feed","2","4","4","0","0","0","0"
"sloppy","13","3","Clean","2","6","2","0","0","0","0"
"sloppy","13","4","Train","5","3","2","65","0","0","0"
"sloppy","13","4","Train","6","3","1","75","0","0","0"
"sloppy","13","4","Train","6","4","0","80","1","0","0"
"sloppy","14","1","Feed","7","3","0","0","0","0","0"
"sloppy","14","1","Train","4","6","0","70","0","0","0"
"sloppy","14","1","Train","5","2","3","60","1","0","0"
"sloppy","14","2","Train","5","2","3","60","0","0","0"
"sloppy","14","2","Train","8","1","1","85","1","0","0"
"sloppy","14","2","Feed","2","6","2","0","0","0","0"
"sloppy","14","3","Train","4","4","2","60","0","0","0"
"sloppy","14","3","Train","3","5","2","55","0","0","0"
"sloppy","14","3","Train","5","3","2","65","1","0","0"
"sloppy","14","4","Clean","5","4","1","0","0","0","0"
"sloppy","14","4","Clean","3","5","2","0","0","0","0"
"sloppy","14","4","Train","5","1","4","55","0","0","0"
"sloppy","15","1","Feed","1","7","2","0","0","0","0"
"sloppy","15","1","Feed","1","6","3","0","0","0","0"
"sloppy","15","1","Train","4","5","1","65","0","0","0"
"sloppy","15","2","Feed","3","6","1","0","0","0","0"
"sloppy","15","2","Train","6","4","0","80","1","0","0"
"sloppy","15","2","Train","5","4","1","70","0","0","0"
"sloppy","15","3","Train","6","0","4","60","1","0","0"
"sloppy","15","3","Feed","2","7","1","0","0","0","0"
"sloppy","15","3","Train","3","3","4","45","0","0","0"
"sloppy","15","4","Feed","1","7","2","0","0","0","0"
"sloppy","15","4","Clean","3","6","1","0","0","0","0"
"sloppy","15","4","Train","5","3","2","65","0","0","0"
"sloppy","16","1","Feed","3","5","2","0","0","0","0"
"sloppy","16","1","Feed","2","7","1","0","0","0","0"
"sloppy","16","1","Train","5","1","4","55","0","0","0"
"sloppy","16","2","Feed","2","6","2","0","0","0","0"
"sloppy","16","2","Feed","3","5","2","0","0","0","0"
"sloppy","16","2","Feed","2","6","2","0","0","0","0"
"sloppy","16","3","Feed","6","4","0","0","0","0","0"
"sloppy","16","3","Clean","2","4","4","0","0","0","0"
"sloppy","16","3","Feed","3","2","5","0","0","0","0"
"sloppy","16","4","Train","3","5","2","55","1","0","0"
"sloppy","16","4","Heal","1","4","5","0","0","0","0"
"sloppy","16","4","Train","5","4","1","70","0","0","0"
"sloppy","17","1","Train","4","5","1","65","0","0","0"
"sloppy","17","1","Train","5","5","0","75","1","0","0"
"sloppy","17","1","Train","2","6","2","50","0","0","0"
"sloppy","17","2","Train","4","1","5","45","0","0","0"
"sloppy","17","2","Clean","1","5","4","0","0","0","0"
"sloppy","17","2","Train","9","1","0","95","1","0","0"
"sloppy","17","3","Train","5","3","2","65","0","0","0"
"sloppy","17","3","Clean","2","5","3","0","0","0","0"
"sloppy","17","3","Heal","5","2","3","0","0","0","0"
"sloppy","17","4","Train","6","2","2","70","1","0","0"
"sloppy","17","4","Feed","2","5","3","0","0","0","0"
"sloppy","17","4","Train","9","1","0","95","0","0","0"
"sloppy","18","1","Train","7","3","0","85","0","0","0"
"sloppy","18","1","Feed","2","2","6","0","0","0","0"
"sloppy","18","1","Train","4","4","2","60","1","0","0"
"sloppy","18","2","Train","6","3","1","75","0","0","0"
"sloppy","18","2","Train","6","3","1","75","1","0","0"
"sloppy","18","2","Clean","1","8","1","0","0","0","0"
"sloppy","18","3","Train","6","3","1","75","0","0","0"
"sloppy","18","3","Train","6","3","1","75","0","0","0"
"sloppy","18","3","Clean","1","5","4","0","0","0","0"
"sloppy","18","4","Train","6","3","1","75","1","0","0"
"sloppy","18","4","Train","5","4","1","70","0","0","0"
"sloppy","18","4","Train","3","5","2","55","0","0","0"
"sloppy","19","1","Train","6","3","1","75","0","0","0"
"sloppy","19","1","Clean","3","5","2","0","0","0","0"
"sloppy","19","1","Train","7","0","3","70","1","0","0"
"sloppy","19","2","Feed","1","7","2","0","0","0","0"
"sloppy","19","2","Train","7","1","2","75","0","0","0"
"sloppy","19","2","Train","4","2","4","50","1","0","0"
"sloppy","19","3","Train","6","3","1","75","0","0","0"
"sloppy","19","3","Feed","4","5","1","0","0","0","0"
"sloppy","19","3","Clean","1","5","4","0","0","0","0"
"sloppy","19","4","Feed","3","3","4","0","0","0","0"
"sloppy","19","4","Feed","3","4","3","0","0","0","0"
"sloppy","19","4","Train","7","1","2","75","0","0","0"
"sloppy","20","1","Train","5","4","1","70","0","0","0"
"sloppy","20","1","Train","5","4","1","70","1","0","0"
"sloppy","20","1","Train","6","2","2","70","0","0","0"
"sloppy","20","2","Feed","2","5","3","0","0","0","0"
"sloppy","20","2","Train","3","3","4","45","1","0","0"
"sloppy","20","2","Train","6","2","2","70","0","0","0"
"sloppy","20","3","Feed","2","5","3","0","0","0","0"
"sloppy","20","3","Train","4","3","3","55","0","0","0"
"sloppy","20","3","Clean","0","6","4","0","0","0","0"
"sloppy","20","4","Feed","1","3","6","0","0","0","0"
"sloppy","20","4","Train","5","0","5","50","0","0","0"
"sloppy","20","4","Feed","5","4","1","0","0","0","0"
"sloppy","21","1","Train","4","4","2","60","0","0","0"
"sloppy","21","1","Feed","3","6","1","0","0","0","0"
"sloppy","21","1","Train","5","2","3","60","1","0","0"
"sloppy","22","1","Train","3","5","2","55","0","0","0"
"sloppy","22","1","Feed","2","5","3","0","0","0","0"
"sloppy","22","1","Feed","3","5","2","0","0","0","0"
"sloppy","22","2","Train","4","6","0","70","1","0","0"
"sloppy","22","2","Train","5","3","2","65","0","0","0"
"sloppy","22","2","Train","7","2","1","80","1","0","0"
"sloppy","22","3","Feed","2","3","5","0","0","0","0"
"sloppy","22","3","Train","7","1","2","75","0","0","0"
"sloppy","22","3","Train","4","5","1","65","0","0","0"
"sloppy","22","4","Train","8","1","1","85","1","0","0"
"sloppy","22","4","Feed","1","5","4","0","0","0","0"
"sloppy","22","4","Clean","3","5","2","0","0","0","0"
"sloppy","23","1","Train","6","2","2","70","0","0","0"
"sloppy","23","1","Heal","1","5","4","0","0","0","0"
"sloppy","23","1","Feed","2","4","4","0","0","0","0"
"sloppy","23","2","Clean","1","7","2","0","0","0","0"
"sloppy","23","2","Train","3","5","2","55","1","0","0"
"sloppy","23","2","Train","5","3","2","65","0","0","0"
"sloppy","23","3","Train","5","3","2","65","1","0","0"
"sloppy","23","3","Clean","2","7","1","0","0","0","0"
"sloppy","23","3","Feed","2","6","2","0","0","0","0"
"sloppy","23","4","Heal","3","4","3","0","0","0","0"
"sloppy","23","4","Train","6","2","2","70","0","0","0"
"sloppy","23","4","Feed","0","5","5","0","0","0","0"
"sloppy","24","1","Train","4","5","1","65","0","0","0"
"sloppy","24","1","Train","4","3","3","55","1","0","0"
"sloppy","24","1","Train","4","4","2","60","0","0","0"
"sloppy","25","1","Feed","3","6","1","0","0","0","0"
"sloppy","25","1","Train","6","4","0","80","0","0","0"
"sloppy","25","1","Feed","3","5","2","0","0","0","0"
"sloppy","26","1","Feed","1","5","4","0","0","0","0"
"sloppy","26","1","Heal","1","6","3","0","0","0","0"
"sloppy","26","1","Train","5","4","1","70","0","0","0"
"sloppy","27","1","Feed","1","6","3","0","0","0","0"
"sloppy","27","1","Train","4","6","0","70","0","0","0"
"sloppy","27","1","Train","8","1","1","85","1","0","0"
"sloppy","27","2","Train","6","2","2","70","0","0","0"
"sloppy","27","2","Feed","0","8","2","0","0","0","0"
"sloppy","27","2","Train","6","3","1","75","1","0","0"
"sloppy","27","3","Train","6","1","3","65","0","0","0"
"sloppy","27","3","Train","6","2","2","70","0","0","0"
"sloppy","27","3","Clean","4","2","4","0","0","0","0"
"sloppy","27","4","Train","8","2","0","90","1","0","0"
"sloppy","27","4","Train","7","1","2","75","0","0","0"
"sloppy","27","4","Train","5","1","4","55","0","0","0"
"sloppy","28","1","Train","2","6","2","50","0","0","0"
"sloppy","28","1","Train","4","5","1","65","1","0","0"
"sloppy","28","1","Feed","3","5","2","0","0","0","0"
"sloppy","28","2","Feed","5","5","0","0","0","0","0"
"sloppy","28","2","Train","6","1","3","65","0","0","0"
"sloppy","28","2","Feed","3","7","0","0","0","0","0"
"sloppy","28","3","Train","2","6","2","50","0","0","0"
"sloppy","28","3","Feed","2","7","1","0","0","0","0"
"sloppy","28","3","Train","5","4","1","70","1","0","0"
"sloppy","28","4","Train","4","5","1","65","0","0","0"
"sloppy","28","4","Feed","3","2","5","0","0","0","0"
"sloppy","28","4","Train","6","4","0","80","0","0","0"
"sloppy","29","1","Train","3","6","1","60","0","0","0"
"sloppy","29","1","Feed","0","5","5","0","0","0","0"
"sloppy","29","1","Train","7","1","2","75","1","0","0"
"sloppy","29","2","Train","2","4","4","40","0","0","0"
"sloppy","29","2","Clean","1","6","3","0","0","0","0"
"sloppy","29","2","Feed","1","6","3","0","0","0","0"
"sloppy","29","3","Train","6","1","3","65","0","0","0"
"sloppy","29","3","Train","9","0","1","90","1","0","0"
"sloppy","29","3","Feed","5","3","2","0","0","0","0"
"sloppy","29","4","Train","6","2","2","70","0","0","0"
"sloppy","29","4","Clean","0","8","2","0","0","0","0"
"sloppy","29","4","Feed","1","7","2","0","0","0","0"
"sloppy","30","1","Train","5","5","0","75","0","0","0"
"sloppy","30","1","Feed","0","9","1","0","0","0","0"
"sloppy","30","1","Train","4","6","0","70","1","0","0"
"sloppy","30","2","Train","6","3","1","75","0","0","0"
"sloppy","30","2","Train","4","4","2","60","1","0","0"
"sloppy","30","2","Clean","3","6","1","0","0","0","0"
"sloppy","30","3","Train","4","4","2","60","0","0","0"
"sloppy","30","3","Train","3","5","2","55","0","0","0"
"sloppy","30","3","Clean","2","6","2","0","0","0","0"
"sloppy","30","4","Clean","3","6","1","0","0","0","0"
"sloppy","30","4","Train","7","0","3","70","1","0","0"
"sloppy","30","4","Train","6","3","1","75","0","0","0"
"sloppy","31","1","Train","9","1","0","95","0","0","0"
"sloppy","31","1","Train","4","6","0","70","1","0","0"
"sloppy","31","1","Clean","3","5","2","0","0","0","0"
"sloppy","31","2","Train","5","3","2","65","0","0","0"
"sloppy","31","2","Train","3","2","5","40","1","0","0"
"sloppy","31","2","Feed","1","4","5","0","0","0","0"
"sloppy","31","3","Train","8","1","1","85","0","0","0"
"sloppy","31","3","Train","6","2","2","70","0","0","0"
"sloppy","31","3","Feed","2","7","1","0","0","0","0"
"sloppy","31","4","Clean","2","6","2","0","0","0","0"
"sloppy","31","4","Train","3","4","3","50","1","0","0"
"sloppy","31","4","Clean","2","6","2","0","0","0","0"
"sloppy","32","1","Train","4","3","3","55","0","0","0"
"sloppy","32","1","Train","6","4","0","80","1","0","0"
"sloppy","32","1","Feed","1","4","5","0","0","0","0"
"sloppy","32","2","Heal","3","2","5","0","0","0","0"
"sloppy","32","2","Train","8","1","1","85","0","0","0"
"sloppy","32","2","Train","7","1","2","75","1","0","0"
"sloppy","32","3","Train","4","4","2","60","0","0","0"
"sloppy","32","3","Clean","2","6","2","0","0","0","0"
"sloppy","32","3","Train","5","2","3","60","0","0","0"
"sloppy","32","4","Train","6","2","2","70","1","0","0"
"sloppy","32","4","Train","3","4","3","50","0","0","0"
"sloppy","32","4","Train","6","1","3","65","0","0","0"
"sloppy","33","1","Train","5","2","3","60","0","0","0"
"sloppy","33","1","Train","3","5","2","55","1","0","0"
"sloppy","33","1","Train","5","3","2","65","0","0","0"
"sloppy","33","2","Feed","0","8","2","0","0","0","0"
"sloppy","33","2","Train","4","4","2","60","0","0","0"
"sloppy","33","2","Train","5","2","3","60","1","0","0"
"sloppy","33","3","Train","5","2","3","60","0","0","0"
"sloppy","33","3","Train","3","5","2","55","0","0","0"
"sloppy","33","3","Train","3","3","4","45","1","0","0"
"sloppy","33","4","Train","7","1","2","75","0","0","0"
"sloppy","33","4","Feed","6","2","2","0","0","0","0"
"sloppy","33","4","Train","4","4","2","60","0","0","0"
"sloppy","34","1","Train","4","5","1","65","0","0","0"
"sloppy","34","1","Train","6","4","0","80","1","0","0"
"sloppy","34","1","Feed","2","3","5","0","0","0","0"
"sloppy","34","2","Train","2","8","0","60","0","0","0"
"sloppy","34","2","Train","6","1","3","65","1","0","0"
"sloppy","34","2","Train","6","3","1","75","0","0","0"
"sloppy","34","3","Train","6","3","1","75","0","0","0"
"sloppy","34","3","Train","7","2","1","80","1","0","0"
"sloppy","34","3","Train","7","2","1","80","0","0","0"
"sloppy","34","4","Train","7","0","3","70","0","0","0"
"sloppy","34","4","Train","4","4","2","60","1","0","0"
"sloppy","34","4","Train","4","4","2","60","0","0","0"
"sloppy","35","1","Clean","4","6","0","0","0","0","0"
"sloppy","35","1","Train","7","2","1","80","0","0","0"
"sloppy","35","1","Train","3","2","5","40","1","0","0"
"sloppy","35","2","Heal","3","5","2","0","0","0","0"
"sloppy","35","2","Train","7","3","0","85","0","0","0"
"sloppy","35","2","Feed","4","3","3","0","0","0","0"
"sloppy","35","3","Feed","2","7","1","0","0","0","0"
"sloppy","35","3","Feed","2","5","3","0","0","0","0"
"sloppy","35","3","Train","5","4","1","70","1","0","0"
"sloppy","35","4","Feed","3","5","2","0","0","0","0"
"sloppy","35","4","Train","6","1","3","65","0","0","0"
"sloppy","35","4","Train","10","0","0","100","0","0","0"
"sloppy","36","1","Clean","2","5","3","0","0","0","0"
"sloppy","36","1","Train","7","2","1","80","0","0","0"
"sloppy","36","1","Train","5","1","4","55","1","0","0"
"sloppy","36","2","Train","7","2","1","80","0","0","0"
"sloppy","36","2","Train","6","2","2","70","1","0","0"
"sloppy","36","2","Train","3","4","3","50","0","0","0"
"sloppy","36","3","Feed","3","4","3","0","0","0","0"
"sloppy","36","3","Clean","4","4","2","0","0","0","0"
"sloppy","36","3","Train","7","1","2","75","0","0","0"
"sloppy","36","4","Feed","2","5","3","0","0","0","0"
"sloppy","36","4","Feed","4","4","2","0","0","0","0"
"sloppy","36","4","Train","6","3","1","75","1","0","0"
"sloppy","37","1","Feed","5","5","0","0","0","0","0"
"sloppy","37","1","Feed","3","5","2","0","0","0","0"
"sloppy","37","1","Train","4","5","1","65","0","0","0"
"sloppy","38","1","Feed","2","5","3","0","0","0","0"
"sloppy","38","1","Train","3","6","1","60","0","0","0"
"sloppy","38","1","Train","8","1","1","85","1","0","0"
"sloppy","39","1","Feed","7","2","1","0","0","0","0"
"sloppy","39","1","Train","3","5","2","55","0","0","0"
"sloppy","39","1","Train","6","3","1","75","1","0","0"
"sloppy","39","2","Train","4","3","3","55","0","0","0"
"sloppy","39","2","Train","6","3","1","75","1","0","0"
"sloppy","39","2","Train","7","1","2","75","0","0","0"
"sloppy","39","3","Feed","4","4","2","0","0","0","0"
"sloppy","39","3","Train","7","1","2","75","0","0","0"
"sloppy","39","3","Clean","1","7","2","0","0","0","0"
"sloppy","39","4","Train","8","1","1","85","1","0","0"
"sloppy","39","4","Feed","3","6","1","0","0","0","0"
"sloppy","39","4","Train","4","4","2","60","0","0","0"
"sloppy","40","1","Train","4","5","1","65","0","0","0"
"sloppy","40","1","Feed","2","5","3","0","0","0","0"
"sloppy","40","1","Feed","4","5","1","0","0","0","0"
"upgrade-first","1","1","Train","10","0","0","100","1","0","0"
"upgrade-first","1","1","Train","10","0","0","100","0","0","1"
"upgrade-first","1","1","Train","10","0","0","100","1","0","1"
"upgrade-first","1","2","Train","10","0","0","100","0","0","2"
"upgrade-first","1","2","Train","10","0","0","100","1","0","2"
"upgrade-first","1","2","Train","10","0","0","100","0","0","2"
"upgrade-first","1","3","Train","10","0","0","100","1","0","3"
"upgrade-first","1","3","Train","10","0","0","100","0","0","3"
"upgrade-first","1","3","Train","10","0","0","100","0","0","3"
"upgrade-first","1","3","Train","10","0","0","100","1","0","3"
"upgrade-first","1","3","Train","10","0","0","100","0","0","3"
"upgrade-first","1","4","Train","10","0","0","100","0","0","3"
"upgrade-first","1","4","Train","10","0","0","100","0","0","3"
"upgrade-first","1","4","Train","10","0","0","100","1","0","3"
"upgrade-first","2","1","Train","10","0","0","100","1","0","0"
"upgrade-first","2","1","Train","10","0","0","100","0","0","1"
"upgrade-first","2","1","Train","10","0","0","100","1","0","1"
"upgrade-first","2","2","Train","10","0","0","100","0","0","2"
"upgrade-first","2","2","Train","10","0","0","100","1","0","2"
"upgrade-first","2","2","Train","10","0","0","100","0","0","2"
"upgrade-first","2","3","Train","10","0","0","100","1","0","3"
"upgrade-first","2","3","Train","10","0","0","100","0","0","3"
"upgrade-first","2","3","Train","10","0","0","100","0","0","3"
"upgrade-first","2","3","Train","10","0","0","100","1","0","3"
"upgrade-first","2","3","Train","10","0","0","100","1","0","3"
"upgrade-first","2","4","Train","10","0","0","100","0","0","3"
"upgrade-first","2","4","Train","10","0","0","100","0","0","3"
"upgrade-first","2","4","Train","10","0","0","100","0","0","3"
"upgrade-first","3","1","Train","10","0","0","100","1","0","0"
"upgrade-first","3","1","Train","10","0","0","100","0","0","1"
"upgrade-first","3","1","Train","10","0","0","100","1","0","1"
"upgrade-first","3","2","Train","10","0","0","100","0","0","2"
"upgrade-first","3","2","Train","10","0","0","100","1","0","2"
"upgrade-first","3","2","Train","10","0","0","100","0","0","2"
"upgrade-first","3","3","Train","10","0","0","100","1","0","3"
"upgrade-first","3","3","Train","10","0","0","100","0","0","3"
"upgrade-first","3","3","Train","10","0","0","100","0","0","3"
"upgrade-first","3","3","Train","10","0","0","100","1","0","3"
"upgrade-first","3","3","Train","10","0","0","100","0","0","3"
"upgrade-first","3","4","Train","10","0","0","100","0","0","3"
"upgrade-first","3","4","Train","10","0","0","100","0","0","3"
"upgrade-first","3","4","Train","10","0","0","100","1","0","3"
"upgrade-first","4","1","Train","10","0","0","100","1","0","0"
"upgrade-first","4","1","Train","10","0","0","100","0","0","1"
"upgrade-first","4","1","Train","10","0","0","100","1","0","1"
"upgrade-first","4","2","Train","10","0","0","100","0","0","2"
"upgrade-first","4","2","Train","10","0","0","100","1","0","2"
"upgrade-first","4","2","Train","10","0","0","100","0","0","2"
"upgrade-first","4","3","Train","10","0","0","100","1","0","3"
"upgrade-first","4","3","Train","10","0","0","100","0","0","3"
"upgrade-first","4","3","Train","10","0","0","100","0","0","3"
"upgrade-first","4","3","Train","10","0","0","100","1","0","3"
"upgrade-first","4","3","Train","10","0","0","100","0","0","3"
"upgrade-first","4","4","Train","10","0","0","100","0","0","3"
"upgrade-first","4","4","Train","10","0","0","100","0","0","3"
"upgrade-first","4","4","Train","10","0","0","100","1","0","3"
"upgrade-first","5","1","Train","10","0","0","100","1","0","0"
"upgrade-first","5","1","Train","10","0","0","100","0","0","1"
"upgrade-first","5","1","Train","10","0","0","100","1","0","1"
"upgrade-first","5","2","Train","10","0","0","100","0","0","2"
"upgrade-first","5","2","Train","10","0","0","100","1","0","2"
"upgrade-first","5","2","Train","10","0","0","100","0","0","2"
"upgrade-first","5","3","Train","10","0","0","100","1","0","3"
"upgrade-first","5","3","Train","10","0","0","100","0","0","3"
"upgrade-first","5","3","Train","10","0","0","100","0","0","3"
"upgrade-first","5","3","Train","10","0","0","100","1","0","3"
"upgrade-first","5","3","Train","10","0","0","100","0","0","3"
"upgrade-first","5","4","Train","10","0","0","100","0","0","3"
"upgrade-first","5","4","Train","10","0","0","100","0","0","3"
"upgrade-first","5","4","Train","10","0","0","100","1","0","3"
"upgrade-first","6","1","Train","10","0","0","100","1","0","0"
"upgrade-first","6","1","Train","10","0","0","100","0","0","1"
"upgrade-first","6","1","Train","10","0","0","100","1","0","1"
"upgrade-first","6","2","Train","10","0","0","100","0","0","2"
"upgrade-first","6","2","Train","10","0","0","100","1","0","2"
"upgrade-first","6","2","Train","10","0","0","100","0","0","2"
"upgrade-first","6","3","Train","10","0","0","100","1","0","3"
"upgrade-first","6","3","Train","10","0","0","100","0","0","3"
"upgrade-first","6","3","Train","10","0","0","100","0","0","3"
"upgrade-first","6","3","Train","10","0","0","100","1","0","3"
"upgrade-first","6","3","Train","10","0","0","100","0","0","3"
"upgrade-first","6","4","Train","10","0","0","100","0","0","3"
"upgrade-first","6","4","Train","10","0","0","100","0","0","3"
"upgrade-first","6","4","Train","10","0","0","100","1","0","3"
"upgrade-first","7","1","Train","10","0","0","100","1","0","0"
"upgrade-first","7","1","Train","10","0","0","100","0","0","1"
"upgrade-first","7","1","Train","10","0","0","100","1","0","1"
"upgrade-first","7","2","Train","10","0","0","100","0","0","2"
"upgrade-first","7","2","Train","10","0","0","100","1","0","2"
"upgrade-first","7","2","Train","10","0","0","100","0","0","2"
"upgrade-first","7","3","Train","10","0","0","100","1","0","3"
"upgrade-first","7","3","Train","10","0","0","100","0","0","3"
"upgrade-first","7","3","Train","10","0","0","100","0","0","3"
"upgrade-first","7","3","Train","10","0","0","100","1","0","3"
"upgrade-first","7","3","Train","10","0","0","100","0","0","3"
"upgrade-first","7","4","Train","10","0","0","100","0","0","3"
"upgrade-first","7","4","Train","10","0","0","100","0","0","3"
"upgrade-first","7","4","Train","10","0","0","100","1","0","3"
"upgrade-first","8","1","Train","10","0","0","100","1","0","0"
"upgrade-first","8","1","Train","10","0","0","100","0","0","1"
"upgrade-first","8","1","Train","10","0","0","100","1","0","1"
"upgrade-first","8","2","Train","10","0","0","100","0","0","2"
"upgrade-first","8","2","Train","10","0","0","100","1","0","2"
"upgrade-first","8","2","Train","10","0","0","100","0","0","2"
"upgrade-first","8","3","Train","10","0","0","100","1","0","3"
"upgrade-first","8","3","Train","10","0","0","100","0","0","3"
"upgrade-first","8","3","Train","10","0","0","100","0","0","3"
"upgrade-first","8","3","Train","10","0","0","100","1","0","3"
"upgrade-first","8","3","Train","10","0","0","100","0","0","3"
"upgrade-first","8","4","Train","10","0","0","100","0","0","3"
"upgrade-first","8","4","Train","10","0","0","100","0","0","3"
"upgrade-first","8","4","Train","10","0","0","100","1","0","3"
"upgrade-first","9","1","Train","10","0","0","100","1","0","0"
"upgrade-first","9","1","Train","10","0","0","100","0","0","1"
"upgrade-first","9","1","Train","10","0","0","100","1","0","1"
"upgrade-first","9","2","Train","10","0","0","100","0","0","2"
"upgrade-first","9","2","Train","10","0","0","100","1","0","2"
"upgrade-first","9","2","Train","10","0","0","100","0","0","2"
"upgrade-first","9","3","Train","10","0","0","100","1","0","3"
"upgrade-first","9","3","Train","10","0","0","100","0","0","3"
"upgrade-first","9","3","Train","10","0","0","100","0","0","3"
"upgrade-first","9","3","Train","10","0","0","100","1","0","3"
"upgrade-first","9","3","Train","10","0","0","100","0","0","3"
"upgrade-first","9","4","Train","10","0","0","100","0","0","3"
"upgrade-first","9","4","Train","10","0","0","100","0","0","3"
"upgrade-first","9","4","Train","10","0","0","100","1","0","3"
"upgrade-first","10","1","Train","10","0","0","100","1","0","0"
"upgrade-first","10","1","Train","10","0","0","100","0","0","1"
"upgrade-first","10","1","Train","10","0","0","100","1","0","1"
"upgrade-first","10","2","Train","10","0","0","100","0","0","2"
"upgrade-first","10","2","Train","10","0","0","100","1","0","2"
"upgrade-first","10","2","Train","10","0","0","100","0","0","2"
"upgrade-first","10","3","Train","10","0","0","100","1","0","3"
"upgrade-first","10","3","Train","10","0","0","100","0","0","3"
"upgrade-first","10","3","Train","10","0","0","100","0","0","3"
"upgrade-first","10","3","Train","10","0","0","100","1","0","3"
"upgrade-first","10","3","Train","10","0","0","100","0","0","3"
"upgrade-first","10","4","Train","10","0","0","100","0","0","3"
"upgrade-first","10","4","Train","10","0","0","100","0","0","3"
"upgrade-first","10","4","Train","10","0","0","100","1","0","3"
"upgrade-first","11","1","Train","10","0","0","100","1","0","0"
"upgrade-first","11","1","Train","10","0","0","100","0","0","1"
"upgrade-first","11","1","Train","10","0","0","100","1","0","1"
"upgrade-first","11","2","Train","10","0","0","100","0","0","2"
"upgrade-first","11","2","Train","10","0","0","100","1","0","2"
"upgrade-first","11","2","Train","10","0","0","100","0","0","2"
"upgrade-first","11","3","Train","10","0","0","100","1","0","3"
"upgrade-first","11","3","Train","10","0","0","100","0","0","3"
"upgrade-first","11","3","Train","10","0","0","100","0","0","3"
"upgrade-first","11","3","Train","10","0","0","100","1","0","3"
"upgrade-first","11","3","Train","10","0","0","100","0","0","3"
"upgrade-first","11","4","Train","10","0","0","100","0","0","3"
"upgrade-first","11","4","Train","10","0","0","100","0","0","3"
"upgrade-first","11","4","Train","10","0","0","100","1","0","3"
"upgrade-first","12","1","Train","10","0","0","100","1","0","0"
"upgrade-first","12","1","Train","10","0","0","100","0","0","1"
"upgrade-first","12","1","Train","10","0","0","100","1","0","1"
"upgrade-first","12","2","Train","10","0","0","100","0","0","2"
"upgrade-first","12","2","Train","10","0","0","100","1","0","2"
"upgrade-first","12","2","Train","10","0","0","100","0","0","2"
"upgrade-first","12","3","Train","10","0","0","100","1","0","3"
"upgrade-first","12","3","Train","10","0","0","100","0","0","3"
"upgrade-first","12","3","Train","10","0","0","100","0","0","3"
"upgrade-first","12","3","Train","10","0","0","100","1","0","3"
"upgrade-first","12","3","Train","10","0","0","100","0","0","3"
"upgrade-first","12","4","Train","10","0","0","100","0","0","3"
"upgrade-first","12","4","Train","10","0","0","100","0","0","3"
"upgrade-first","12","4","Train","10","0","0","100","1","0","3"
"upgrade-first","13","1","Train","10","0","0","100","1","0","0"
"upgrade-first","13","1","Train","10","0","0","100","0","0","1"
"upgrade-first","13","1","Train","10","0","0","100","1","0","1"
"upgrade-first","13","2","Train","10","0","0","100","0","0","2"
"upgrade-first","13","2","Train","10","0","0","100","1","0","2"
"upgrade-first","13","2","Train","10","0","0","100","0","0","2"
"upgrade-first","13","3","Train","10","0","0","100","1","0","3"
"upgrade-first","13","3","Train","10","0","0","100","0","0","3"
"upgrade-first","13","3","Train","10","0","0","100","0","0","3"
"upgrade-first","13","3","Train","10","0","0","100","1","0","3"
"upgrade-first","13","3","Train","10","0","0","100","0","0","3"
"upgrade-first","13","4","Train","10","0","0","100","0","0","3"
"upgrade-first","13","4","Train","10","0","0","100","0","0","3"
"upgrade-first","13","4","Train","10","0","0","100","1","0","3"
"upgrade-first","14","1","Train","10","0","0","100","1","0","0"
"upgrade-first","14","1","Train","10","0","0","100","0","0","1"
"upgrade-first","14","1","Train","10","0","0","100","1","0","1"
"upgrade-first","14","2","Train","10","0","0","100","0","0","2"
"upgrade-first","14","2","Train","10","0","0","100","1","0","2"
"upgrade-first","14","2","Train","10","0","0","100","0","0","2"
"upgrade-first","14","3","Train","10","0","0","100","1","0","3"
"upgrade-first","14","3","Train","10","0","0","100","0","0","3"
"upgrade-first","14","3","Train","10","0","0","100","0","0","3"
"upgrade-first","14","3","Train","10","0","0","100","1","0","3"
"upgrade-first","14","3","Train","10","0","0","100","0","0","3"
"upgrade-first","14","4","Train","10","0","0","100","0","0","3"
"upgrade-first","14","4","Train","10","0","0","100","0","0","3"
"upgrade-first","14","4","Train","10","0","0","100","1","0","3"
"upgrade-first","15","1","Train","10","0","0","100","1","0","0"
"upgrade-first","15","1","Train","10","0","0","100","0","0","1"
"upgrade-first","15","1","Train","10","0","0","100","1","0","1"
"upgrade-first","15","2","Train","10","0","0","100","0","0","2"
"upgrade-first","15","2","Train","10","0","0","100","1","0","2"
"upgrade-first","15","2","Train","10","0","0","100","0","0","2"
"upgrade-first","15","3","Train","10","0","0","100","1","0","3"
"upgrade-first","15","3","Train","10","0","0","100","0","0","3"
"upgrade-first","15","3","Train","10","0","0","100","0","0","3"
"upgrade-first","15","3","Train","10","0","0","100","1","0","3"
"upgrade-first","15","3","Train","10","0","0","100","0","0","3"
"upgrade-first","15","4","Train","10","0","0","100","0","0","3"
"upgrade-first","15","4","Train","10","0","0","100","0","0","3"
"upgrade-first","15","4","Train","10","0","0","100","1","0","3"
"upgrade-first","16","1","Train","10","0","0","100","1","0","0"
"upgrade-first","16","1","Train","10","0","0","100","0","0","1"
"upgrade-first","16","1","Train","10","0","0","100","1","0","1"
"upgrade-first","16","2","Train","10","0","0","100","0","0","2"
"upgrade-first","16","2","Train","10","0","0","100","1","0","2"
"upgrade-first","16","2","Train","10","0","0","100","0","0","2"
"upgrade-first","16","3","Train","10","0","0","100","1","0","3"
"upgrade-first","16","3","Train","10","0","0","100","0","0","3"
"upgrade-first","16","3","Train","10","0","0","100","0","0","3"
"upgrade-first","16","3","Train","10","0","0","100","1","0","3"
"upgrade-first","16","3","Train","10","0","0","100","0","0","3"
"upgrade-first","16","4","Train","10","0","0","100","0","0","3"
"upgrade-first","16","4","Train","10","0","0","100","0","0","3"
"upgrade-first","16","4","Train","10","0","0","100","1","0","3"
"upgrade-first","17","1","Train","10","0","0","100","1","0","0"
"upgrade-first","17","1","Train","10","0","0","100","0","0","1"
"upgrade-first","17","1","Train","10","0","0","100","1","0","1"
"upgrade-first","17","2","Train","10","0","0","100","0","0","2"
"upgrade-first","17","2","Train","10","0","0","100","1","0","2"
"upgrade-first","17","2","Train","10","0","0","100","0","0","2"
"upgrade-first","17","3","Train","10","0","0","100","1","0","3"
"upgrade-first","17","3","Train","10","0","0","100","0","0","3"
"upgrade-first","17","3","Train","10","0","0","100","0","0","3"
"upgrade-first","17","3","Train","10","0","0","100","1","0","3"
"upgrade-first","17","3","Train","10","0","0","100","0","0","3"
"upgrade-first","17","4","Train","10","0","0","100","0","0","3"
"upgrade-first","17","4","Train","10","0","0","100","0","0","3"
"upgrade-first","17","4","Train","10","0","0","100","1","0","3"
"upgrade-first","18","1","Train","10","0","0","100","1","0","0"
"upgrade-first","18","1","Train","10","0","0","100","0","0","1"
"upgrade-first","18","1","Train","10","0","0","100","1","0","1"
"upgrade-first","18","2","Train","10","0","0","100","0","0","2"
"upgrade-first","18","2","Train","10","0","0","100","1","0","2"
"upgrade-first","18","2","Train","10","0","0","100","0","0","2"
"upgrade-first","18","3","Train","10","0","0","100","1","0","3"
"upgrade-first","18","3","Train","10","0","0","100","0","0","3"
"upgrade-first","18","3","Train","10","0","0","100","0","0","3"
"upgrade-first","18","3","Train","10","0","0","100","1","0","3"
"upgrade-first","18","3","Train","10","0","0","100","0","0","3"
"upgrade-first","18","4","Train","10","0","0","100","0","0","3"
"upgrade-first","18","4","Train","10","0","0","100","0","0","3"
"upgrade-first","18","4","Train","10","0","0","100","1","0","3"
"upgrade-first","19","1","Train","10","0","0","100","1","0","0"
"upgrade-first","19","1","Train","10","0","0","100","0","0","1"
"upgrade-first","19","1","Train","10","0","0","100","1","0","1"
"upgrade-first","19","2","Train","10","0","0","100","0","0","2"
"upgrade-first","19","2","Train","10","0","0","100","1","0","2"
"upgrade-first","19","2","Train","10","0","0","100","0","0","2"
"upgrade-first","19","3","Train","10","0","0","100","1","0","3"
"upgrade-first","19","3","Train","10","0","0","100","0","0","3"
"upgrade-first","19","3","Train","10","0","0","100","0","0","3"
"upgrade-first","19","3","Train","10","0","0","100","1","0","3"
"upgrade-first","19","3","Train","10","0","0","100","0","0","3"
"upgrade-first","19","4","Train","10","0","0","100","0","0","3"
"upgrade-first","19","4","Train","10","0","0","100","0","0","3"
"upgrade-first","19","4","Train","10","0","0","100","1","0","3"
"upgrade-first","20","1","Train","10","0","0","100","1","0","0"
"upgrade-first","20","1","Train","10","0","0","100","0","0","1"
"upgrade-first","20","1","Train","10","0","0","100","1","0","1"
"upgrade-first","20","2","Train","10","0","0","100","0","0","2"
"upgrade-first","20","2","Train","10","0","0","100","1","0","2"
"upgrade-first","20","2","Train","10","0","0","100","0","0","2"
"upgrade-first","20","3","Train","10","0","0","100","1","0","3"
"upgrade-first","20","3","Train","10","0","0","100","0","0","3"
"upgrade-first","20","3","Train","10","0","0","100","0","0","3"
"upgrade-first","20","3","Train","10","0","0","100","1","0","3"
"upgrade-first","20","3","Train","10","0","0","100","0","0","3"
"upgrade-first","20","4","Train","10","0","0","100","0","0","3"
"upgrade-first","20","4","Train","10","0","0","100","0","0","3"
"upgrade-first","20","4","Train","10","0","0","100","1","0","3"
"upgrade-first","21","1","Train","10","0","0","100","1","0","0"
"upgrade-first","21","1","Train","10","0","0","100","0","0","1"
"upgrade-first","21","1","Train","10","0","0","100","1","0","1"
"upgrade-first","21","2","Train","10","0","0","100","0","0","2"
"upgrade-first","21","2","Train","10","0","0","100","1","0","2"
"upgrade-first","21","2","Train","10","0","0","100","0","0","2"
"upgrade-first","21","3","Train","10","0","0","100","1","0","3"
"upgrade-first","21","3","Train","10","0","0","100","0","0","3"
"upgrade-first","21","3","Train","10","0","0","100","0","0","3"
"upgrade-first","21","3","Train","10","0","0","100","1","0","3"
"upgrade-first","21","3","Train","10","0","0","100","0","0","3"
"upgrade-first","21","4","Train","10","0","0","100","0","0","3"
"upgrade-first","21","4","Train","10","0","0","100","0","0","3"
"upgrade-first","21","4","Train","10","0","0","100","1","0","3"
"upgrade-first","22","1","Train","10","0","0","100","1","0","0"
"upgrade-first","22","1","Train","10","0","0","100","0","0","1"
"upgrade-first","22","1","Train","10","0","0","100","1","0","1"
"upgrade-first","22","2","Train","10","0","0","100","0","0","2"
"upgrade-first","22","2","Train","10","0","0","100","1","0","2"
"upgrade-first","22","2","Train","10","0","0","100","0","0","2"
"upgrade-first","22","3","Train","10","0","0","100","1","0","3"
"upgrade-first","22","3","Train","10","0","0","100","0","0","3"
"upgrade-first","22","3","Train","10","0","0","100","0","0","3"
"upgrade-first","22","3","Train","10","0","0","100","1","0","3"
"upgrade-first","22","3","Train","10","0","0","100","0","0","3"
"upgrade-first","22","4","Train","10","0","0","100","0","0","3"
"upgrade-first","22","4","Train","10","0","0","100","0","0","3"
"upgrade-first","22","4","Train","10","0","0","100","1","0","3"
"upgrade-first","23","1","Train","10","0","0","100","1","0","0"
"upgrade-first","23","1","Train","10","0","0","100","0","0","1"
"upgrade-first","23","1","Train","10","0","0","100","1","0","1"
"upgrade-first","23","2","Train","10","0","0","100","0","0","2"
"upgrade-first","23","2","Train","10","0","0","100","1","0","2"
"upgrade-first","23","2","Train","10","0","0","100","0","0","2"
"upgrade-first","23","3","Train","10","0","0","100","1","0","3"
"upgrade-first","23","3","Train","10","0","0","100","0","0","3"
"upgrade-first","23","3","Train","10","0","0","100","0","0","3"
"upgrade-first","23","3","Train","10","0","0","100","1","0","3"
"upgrade-first","23","3","Train","10","0","0","100","0","0","3"
"upgrade-first","23","4","Train","10","0","0","100","0","0","3"
"upgrade-first","23","4","Train","10","0","0","100","0","0","3"
"upgrade-first","23","4","Train","10","0","0","100","1","0","3"
"upgrade-first","24","1","Train","10","0","0","100","1","0","0"
"upgrade-first","24","1","Train","10","0","0","100","0","0","1"
"upgrade-first","24","1","Train","10","0","0","100","1","0","1"
"upgrade-first","24","2","Train","10","0","0","100","0","0","2"
"upgrade-first","24","2","Train","10","0","0","100","1","0","2"
"upgrade-first","24","2","Train","10","0","0","100","0","0","2"
"upgrade-first","24","3","Train","10","0","0","100","1","0","3"
"upgrade-first","24","3","Train","10","0","0","100","0","0","3"
"upgrade-first","24","3","Train","10","0","0","100","0","0","3"
"upgrade-first","24","3","Train","10","0","0","100","1","0","3"
"upgrade-first","24","3","Train","10","0","0","100","0","0","3"
"upgrade-first","24","4","Train","10","0","0","100","0","0","3"
"upgrade-first","24","4","Train","10","0","0","100","0","0","3"
"upgrade-first","24","4","Train","10","0","0","100","1","0","3"
"upgrade-first","25","1","Train","10","0","0","100","1","0","0"
"upgrade-first","25","1","Train","10","0","0","100","0","0","1"
"upgrade-first","25","1","Train","10","0","0","100","1","0","1"
"upgrade-first","25","2","Train","10","0","0","100","0","0","2"
"upgrade-first","25","2","Train","10","0","0","100","1","0","2"
"upgrade-first","25","2","Train","10","0","0","100","0","0","2"
"upgrade-first","25","3","Train","10","0","0","100","1","0","3"
"upgrade-first","25","3","Train","10","0","0","100","0","0","3"
"upgrade-first","25","3","Train","10","0","0","100","0","0","3"
"upgrade-first","25","3","Train","10","0","0","100","1","0","3"
"upgrade-first","25","3","Train","10","0","0","100","0","0","3"
"upgrade-first","25","4","Train","10","0","0","100","0","0","3"
"upgrade-first","25","4","Train","10","0","0","100","0","0","3"
"upgrade-first","25","4","Train","10","0","0","100","1","0","3"
"upgrade-first","26","1","Train","10","0","0","100","1","0","0"
"upgrade-first","26","1","Train","10","0","0","100","0","0","1"
"upgrade-first","26","1","Train","10","0","0","100","1","0","1"
"upgrade-first","26","2","Train","10","0","0","100","0","0","2"
"upgrade-first","26","2","Train","10","0","0","100","1","0","2"
"upgrade-first","26","2","Train","10","0","0","100","0","0","2"
"upgrade-first","26","3","Train","10","0","0","100","1","0","3"
"upgrade-first","26","3","Train","10","0","0","100","0","0","3"
"upgrade-first","26","3","Train","10","0","0","100","0","0","3"
"upgrade-first","26","3","Train","10","0","0","100","1","0","3"
"upgrade-first","26","3","Train","10","0","0","100","0","0","3"
"upgrade-first","26","4","Train","10","0","0","100","0","0","3"
"upgrade-first","26","4","Train","10","0","0","100","0","0","3"
"upgrade-first","26","4","Train","10","0","0","100","1","0","3"
"upgrade-first","27","1","Train","10","0","0","100","1","0","0"
"upgrade-first","27","1","Train","10","0","0","100","0","0","1"
"upgrade-first","27","1","Train","10","0","0","100","1","0","1"
"upgrade-first","27","2","Train","10","0","0","100","0","0","2"
"upgrade-first","27","2","Train","10","0","0","100","1","0","2"
"upgrade-first","27","2","Train","10","0","0","100","0","0","2"
"upgrade-first","27","3","Train","10","0","0","100","1","0","3"
"upgrade-first","27","3","Train","10","0","0","100","0","0","3"
"upgrade-first","27","3","Train","10","0","0","100","0","0","3"
"upgrade-first","27","3","Train","10","0","0","100","1","0","3"
"upgrade-first","27","3","Train","10","0","0","100","0","0","3"
"upgrade-first","27","4","Train","10","0","0","100","0","0","3"
"upgrade-first","27","4","Train","10","0","0","100","0","0","3"
"upgrade-first","27","4","Train","10","0","0","100","1","0","3"
"upgrade-first","28","1","Train","10","0","0","100","1","0","0"
"upgrade-first","28","1","Train","10","0","0","100","0","0","1"
"upgrade-first","28","1","Train","10","0","0","100","1","0","1"
"upgrade-first","28","2","Train","10","0","0","100","0","0","2"
"upgrade-first","28","2","Train","10","0","0","100","1","0","2"
"upgrade-first","28","2","Train","10","0","0","100","0","0","2"
"upgrade-first","28","3","Train","10","0","0","100","1","0","3"
"upgrade-first","28","3","Train","10","0","0","100","0","0","3"
"upgrade-first","28","3","Train","10","0","0","100","0","0","3"
"upgrade-first","28","3","Train","10","0","0","100","1","0","3"
"upgrade-first","28","3","Train","10","0","0","100","0","0","3"
"upgrade-first","28","4","Train","10","0","0","100","0","0","3"
"upgrade-first","28","4","Train","10","0","0","100","0","0","3"
"upgrade-first","28","4","Train","10","0","0","100","1","0","3"
"upgrade-first","29","1","Train","10","0","0","100","1","0","0"
"upgrade-first","29","1","Train","10","0","0","100","0","0","1"
"upgrade-first","29","1","Train","10","0","0","100","1","0","1"
"upgrade-first","29","2","Train","10","0","0","100","0","0","2"
"upgrade-first","29","2","Train","10","0","0","100","1","0","2"
"upgrade-first","29","2","Train","10","0","0","100","0","0","2"
"upgrade-first","29","3","Train","10","0","0","100","1","0","3"
"upgrade-first","29","3","Train","10","0","0","100","0","0","3"
"upgrade-first","29","3","Train","10","0","0","100","0","0","3"
"upgrade-first","29","3","Train","10","0","0","100","1","0","3"
"upgrade-first","29","3","Train","10","0","0","100","0","0","3"
"upgrade-first","29","4","Train","10","0","0","100","0","0","3"
"upgrade-first","29","4","Train","10","0","0","100","0","0","3"
"upgrade-first","29","4","Train","10","0","0","100","1","0","3"
"upgrade-first","30","1","Train","10","0","0","100","1","0","0"
"upgrade-first","30","1","Train","10","0","0","100","0","0","1"
"upgrade-first","30","1","Train","10","0","0","100","1","0","1"
"upgrade-first","30","2","Train","10","0","0","100","0","0","2"
"upgrade-first","30","2","Train","10","0","0","100","1","0","2"
"upgrade-first","30","2","Train","10","0","0","100","0","0","2"
"upgrade-first","30","3","Train","10","0","0","100","1","0","3"
"upgrade-first","30","3","Train","10","0","0","100","0","0","3"
"upgrade-first","30","3","Train","10","0","0","100","0","0","3"
"upgrade-first","30","3","Train","10","0","0","100","1","0","3"
"upgrade-first","30","3","Train","10","0","0","100","0","0","3"
"upgrade-first","30","4","Train","10","0","0","100","0","0","3"
"upgrade-first","30","4","Train","10","0","0","100","0","0","3"
"upgrade-first","30","4","Train","10","0","0","100","1","0","3"
"upgrade-first","31","1","Train","10","0","0","100","1","0","0"
"upgrade-first","31","1","Train","10","0","0","100","0","0","1"
"upgrade-first","31","1","Train","10","0","0","100","1","0","1"
"upgrade-first","31","2","Train","10","0","0","100","0","0","2"
"upgrade-first","31","2","Train","10","0","0","100","1","0","2"
"upgrade-first","31","2","Train","10","0","0","100","0","0","2"
"upgrade-first","31","3","Train","10","0","0","100","1","0","3"
"upgrade-first","31","3","Train","10","0","0","100","0","0","3"
"upgrade-first","31","3","Train","10","0","0","100","0","0","3"
"upgrade-first","31","3","Train","10","0","0","100","1","0","3"
"upgrade-first","31","3","Train","10","0","0","100","0","0","3"
"upgrade-first","31","4","Train","10","0","0","100","0","0","3"
"upgrade-first","31","4","Train","10","0","0","100","0","0","3"
"upgrade-first","31","4","Train","10","0","0","100","1","0","3"
"upgrade-first","32","1","Train","10","0","0","100","1","0","0"
"upgrade-first","32","1","Train","10","0","0","100","0","0","1"
"upgrade-first","32","1","Train","10","0","0","100","1","0","1"
"upgrade-first","32","2","Train","10","0","0","100","0","0","2"
"upgrade-first","32","2","Train","10","0","0","100","1","0","2"
"upgrade-first","32","2","Train","10","0","0","100","0","0","2"
"upgrade-first","32","3","Train","10","0","0","100","1","0","3"
"upgrade-first","32","3","Train","10","0","0","100","0","0","3"
"upgrade-first","32","3","Train","10","0","0","100","0","0","3"
"upgrade-first","32","3","Train","10","0","0","100","1","0","3"
"upgrade-first","32","3","Train","10","0","0","100","0","0","3"
"upgrade-first","32","4","Train","10","0","0","100","0","0","3"
"upgrade-first","32","4","Train","10","0","0","100","0","0","3"
"upgrade-first","32","4","Train","10","0","0","100","1","0","3"
"upgrade-first","33","1","Train","10","0","0","100","1","0","0"
"upgrade-first","33","1","Train","10","0","0","100","0","0","1"
"upgrade-first","33","1","Train","10","0","0","100","1","0","1"
"upgrade-first","33","2","Train","10","0","0","100","0","0","2"
"upgrade-first","33","2","Train","10","0","0","100","1","0","2"
"upgrade-first","33","2","Train","10","0","0","100","0","0","2"
"upgrade-first","33","3","Train","10","0","0","100","1","0","3"
"upgrade-first","33","3","Train","10","0","0","100","0","0","3"
"upgrade-first","33","3","Train","10","0","0","100","0","0","3"
"upgrade-first","33","3","Train","10","0","0","100","1","0","3"
"upgrade-first","33","3","Train","10","0","0","100","0","0","3"
"upgrade-first","33","4","Train","10","0","0","100","0","0","3"
"upgrade-first","33","4","Train","10","0","0","100","0","0","3"
"upgrade-first","33","4","Train","10","0","0","100","1","0","3"
"upgrade-first","34","1","Train","10","0","0","100","1","0","0"
"upgrade-first","34","1","Train","10","0","0","100","0","0","1"
"upgrade-first","34","1","Train","10","0","0","100","1","0","1"
"upgrade-first","34","2","Train","10","0","0","100","0","0","2"
"upgrade-first","34","2","Train","10","0","0","100","1","0","2"
"upgrade-first","34","2","Train","10","0","0","100","0","0","2"
"upgrade-first","34","3","Train","10","0","0","100","1","0","3"
"upgrade-first","34","3","Train","10","0","0","100","0","0","3"
"upgrade-first","34","3","Train","10","0","0","100","0","0","3"
"upgrade-first","34","3","Train","10","0","0","100","1","0","3"
"upgrade-first","34","3","Train","10","0","0","100","0","0","3"
"upgrade-first","34","4","Train","10","0","0","100","0","0","3"
"upgrade-first","34","4","Train","10","0","0","100","0","0","3"
"upgrade-first","34","4","Train","10","0","0","100","1","0","3"
"upgrade-first","35","1","Train","10","0","0","100","1","0","0"
"upgrade-first","35","1","Train","10","0","0","100","0","0","1"
"upgrade-first","35","1","Train","10","0","0","100","1","0","1"
"upgrade-first","35","2","Train","10","0","0","100","0","0","2"
"upgrade-first","35","2","Train","10","0","0","100","1","0","2"
"upgrade-first","35","2","Train","10","0","0","100","0","0","2"
"upgrade-first","35","3","Train","10","0","0","100","1","0","3"
"upgrade-first","35","3","Train","10","0","0","100","0","0","3"
"upgrade-first","35","3","Train","10","0","0","100","0","0","3"
"upgrade-first","35","3","Train","10","0","0","100","1","0","3"
"upgrade-first","35","3","Train","10","0","0","100","0","0","3"
"upgrade-first","35","4","Train","10","0","0","100","0","0","3"
"upgrade-first","35","4","Train","10","0","0","100","0","0","3"
"upgrade-first","35","4","Train","10","0","0","100","1","0","3"
"upgrade-first","36","1","Train","10","0","0","100","1","0","0"
"upgrade-first","36","1","Train","10","0","0","100","0","0","1"
"upgrade-first","36","1","Train","10","0","0","100","1","0","1"
"upgrade-first","36","2","Train","10","0","0","100","0","0","2"
"upgrade-first","36","2","Train","10","0","0","100","1","0","2"
"upgrade-first","36","2","Train","10","0","0","100","0","0","2"
"upgrade-first","36","3","Train","10","0","0","100","1","0","3"
"upgrade-first","36","3","Train","10","0","0","100","0","0","3"
"upgrade-first","36","3","Train","10","0","0","100","0","0","3"
"upgrade-first","36","3","Train","10","0","0","100","1","0","3"
"upgrade-first","36","3","Train","10","0","0","100","0","0","3"
"upgrade-first","36","4","Train","10","0","0","100","0","0","3"
"upgrade-first","36","4","Train","10","0","0","100","0","0","3"
"upgrade-first","36","4","Train","10","0","0","100","1","0","3"
"upgrade-first","37","1","Train","10","0","0","100","1","0","0"
"upgrade-first","37","1","Train","10","0","0","100","0","0","1"
"upgrade-first","37","1","Train","10","0","0","100","1","0","1"
"upgrade-first","37","2","Train","10","0","0","100","0","0","2"
"upgrade-first","37","2","Train","10","0","0","100","1","0","2"
"upgrade-first","37","2","Train","10","0","0","100","0","0","2"
"upgrade-first","37","3","Train","10","0","0","100","1","0","3"
"upgrade-first","37","3","Train","10","0","0","100","0","0","3"
"upgrade-first","37","3","Train","10","0","0","100","0","0","3"
"upgrade-first","37","3","Train","10","0","0","100","1","0","3"
"upgrade-first","37","3","Train","10","0","0","100","0","0","3"
"upgrade-first","37","4","Train","10","0","0","100","0","0","3"
"upgrade-first","37","4","Train","10","0","0","100","0","0","3"
"upgrade-first","37","4","Train","10","0","0","100","1","0","3"
"upgrade-first","38","1","Train","10","0","0","100","1","0","0"
"upgrade-first","38","1","Train","10","0","0","100","0","0","1"
"upgrade-first","38","1","Train","10","0","0","100","1","0","1"
"upgrade-first","38","2","Train","10","0","0","100","0","0","2"
"upgrade-first","38","2","Train","10","0","0","100","1","0","2"
"upgrade-first","38","2","Train","10","0","0","100","0","0","2"
"upgrade-first","38","3","Train","10","0","0","100","1","0","3"
"upgrade-first","38","3","Train","10","0","0","100","0","0","3"
"upgrade-first","38","3","Train","10","0","0","100","0","0","3"
"upgrade-first","38","3","Train","10","0","0","100","1","0","3"
"upgrade-first","38","3","Train","10","0","0","100","0","0","3"
"upgrade-first","38","4","Train","10","0","0","100","0","0","3"
"upgrade-first","38","4","Train","10","0","0","100","0","0","3"
"upgrade-first","38","4","Train","10","0","0","100","1","0","3"
"upgrade-first","39","1","Train","10","0","0","100","1","0","0"
"upgrade-first","39","1","Train","10","0","0","100","0","0","1"
"upgrade-first","39","1","Train","10","0","0","100","1","0","1"
"upgrade-first","39","2","Train","10","0","0","100","0","0","2"
"upgrade-first","39","2","Train","10","0","0","100","1","0","2"
"upgrade-first","39","2","Train","10","0","0","100","0","0","2"
"upgrade-first","39","3","Train","10","0","0","100","1","0","3"
"upgrade-first","39","3","Train","10","0","0","100","0","0","3"
"upgrade-first","39","3","Train","10","0","0","100","0","0","3"
"upgrade-first","39","3","Train","10","0","0","100","1","0","3"
"upgrade-first","39","3","Train","10","0","0","100","0","0","3"
"upgrade-first","39","4","Train","10","0","0","100","0","0","3"
"upgrade-first","39","4","Train","10","0","0","100","0","0","3"
"upgrade-first","39","4","Train","10","0","0","100","1","0","3"
"upgrade-first","40","1","Train","10","0","0","100","1","0","0"
"upgrade-first","40","1","Train","10","0","0","100","0","0","1"
"upgrade-first","40","1","Train","10","0","0","100","1","0","1"
"upgrade-first","40","2","Train","10","0","0","100","0","0","2"
"upgrade-first","40","2","Train","10","0","0","100","1","0","2"
"upgrade-first","40","2","Train","10","0","0","100","1","0","2"
"upgrade-first","40","3","Train","10","0","0","100","0","0","3"
"upgrade-first","40","3","Train","10","0","0","100","1","0","3"
"upgrade-first","40","3","Train","10","0","0","100","0","0","3"
"upgrade-first","40","3","Train","10","0","0","100","0","0","3"
"upgrade-first","40","3","Train","10","0","0","100","1","0","3"
"upgrade-first","40","4","Train","10","0","0","100","0","0","3"
"upgrade-first","40","4","Train","10","0","0","100","0","0","3"
"upgrade-first","40","4","Train","10","0","0","100","0","0","3"
"human","1","1","Clean","10","0","0","0","0","0","0"
"human","1","2","Heal","9","0","1","0","0","0","1"
"human","1","3","Clean","8","0","2","0","0","0","1"
"human","1","3","Feed","10","0","0","0","0","0","1"
"human","1","3","Feed","9","0","1","0","0","0","2"
"human","1","4","Clean","10","0","0","0","0","0","2"
"human","2","1","Heal","8","0","2","0","0","0","0"
"human","2","1","Heal","8","1","1","0","0","0","0"
"human","2","2","Heal","8","0","2","0","0","0","1"
"human","2","2","Heal","6","1","3","0","0","0","1"
"human","2","3","Train","10","0","0","100","1","0","2"
"human","2","3","Heal","8","0","2","0","0","0","2"
"human","2","3","Train","9","0","1","90","0","0","2"
"human","2","3","Heal","9","0","1","0","0","0","2"
"human","2","4","Feed","7","0","3","0","0","0","3"
"human","2","4","Feed","9","0","1","0","0","0","3"
"human","3","1","Clean","8","0","2","0","0","0","0"
"human","3","1","Feed","10","0","0","0","0","0","0"
"human","3","2","Feed","7","0","3","0","0","0","1"
"human","3","2","Clean","9","0","1","0","0","0","1"
"human","3","3","Clean","8","0","2","0","0","0","2"
"human","3","3","Feed","8","0","2","0","0","0","2"
"human","3","3","Clean","5","0","5","0","0","0","2"
"human","3","3","Clean","8","0","2","0","0","0","2"
"human","3","4","Train","10","0","0","100","1","0","3"
"human","3","4","Clean","6","0","4","0","0","0","3"
"human","4","1","Feed","10","0","0","0","0","0","0"
"human","4","2","Feed","10","0","0","0","0","0","1"
"human","4","3","Heal","9","1","0","0","0","0","1"
"human","4","4","Clean","10","0","0","0","0","0","2"
"human","5","1","Feed","10","0","0","0","0","0","0"
"human","5","1","Feed","10","0","0","0","0","0","0"
"human","5","2","Train","10","0","0","100","1","0","0"
"human","5","2","Feed","9","0","1","0","0","0","0"
"human","5","3","Feed","9","0","1","0","0","0","0"
"human","5","3","Train","10","0","0","100","0","0","0"
"human","5","3","Train","9","1","0","95","0","0","0"
"human","5","3","Feed","9","0","1","0","0","0","0"
"human","5","3","Feed","8","0","2","0","0","0","0"
"human","5","4","Train","10","0","0","100","1","0","0"
"human","5","4","Train","5","5","0","75","0","0","0"
"human","5","4","Feed","8","0","2","0","0","0","0"
"human","6","1","Train","10","0","0","100","1","0","0"
"human","6","1","Feed","9","0","1","0","0","0","1"
"human","6","1","Train","10","0","0","100","0","0","1"
"human","6","2","Train","10","0","0","100","1","0","1"
"human","6","2","Feed","10","0","0","0","0","0","2"
"human","6","2","Feed","9","0","1","0","0","0","2"
"human","6","3","Train","10","0","0","100","0","0","2"
"human","6","3","Train","10","0","0","100","1","0","3"
"human","6","3","Train","8","0","2","80","0","0","3"
"human","6","4","Train","9","0","1","90","0","0","3"
"human","6","4","Heal","8","0","2","0","0","0","3"
"human","6","4","Train","10","0","0","100","1","0","3"
"human","7","1","Heal","10","0","0","0","0","0","0"
"human","7","2","Train","10","0","0","100","1","0","0"
"human","7","3","Heal","10","0","0","0","0","0","0"
"human","7","3","Heal","10","0","0","0","0","1","0"
"human","7","3","Train","10","0","0","150","1","1","0"
"human","7","4","Train","8","2","0","135","0","1","0"
"human","8","1","Clean","10","0","0","0","0","0","0"
"human","8","1","Heal","10","0","0","0","0","0","0"
"human","8","1","Heal","9","1","0","0","0","0","0"
"human","8","2","Feed","10","0","0","0","0","1","0"
"human","8","2","Feed","9","0","1","0","0","1","0"
"human","8","2","Feed","10","0","0","0","0","1","0"
"human","8","3","Feed","9","0","1","0","0","1","0"
"human","8","3","Feed","9","0","1","0","0","1","0"
"human","8","3","Heal","10","0","0","0","0","1","0"
"human","8","4","Clean","9","0","1","0","0","1","0"
"human","8","4","Heal","8","0","2","0","0","1","0"
"human","8","4","Heal","9","0","1","0","0","2","0"
"human","9","1","Train","9","0","1","90","0","0","0"
"human","9","1","Heal","6","0","4","0","0","0","0"
"human","9","2","Feed","8","0","2","0","0","0","0"
"human","9","2","Clean","5","0","5","0","0","0","0"
"human","9","3","Heal","7","0","3","0","0","0","0"
"human","9","3","Feed","7","0","3","0","0","0","0"
"human","9","3","Heal","6","0","4","0","0","0","0"
"human","9","3","Train","9","0","1","90","1","0","0"
"human","9","4","Heal","8","0","2","0","0","0","0"
"human","9","4","Train","8","0","2","80","1","0","0"
"human","9","4","Train","5","3","2","65","0","0","0"
"human","10","1","Train","9","0","1","90","0","0","0"
"human","10","2","Clean","9","0","1","0","0","0","0"
"human","10","3","Train","10","0","0","100","1","0","0"
"human","10","3","Train","10","0","0","100","1","0","0"
"human","10","3","Train","7","2","1","120","0","1","0"
"human","10","4","Train","5","5","0","112.5","1","1","0"
"human","11","1","Train","10","0","0","100","1","0","0"
"human","11","1","Train","10","0","0","100","0","0","1"
"human","11","2","Heal","10","0","0","0","0","0","1"
"human","11","2","Clean","6","0","4","0","0","0","2"
"human","11","3","Clean","7","0","3","0","0","0","2"
"human","11","3","Heal","9","0","1","0","0","0","2"
"human","11","4","Clean","9","0","1","0","0","0","2"
"human","11","4","Clean","9","0","1","0","0","0","3"
"human","12","1","Heal","7","0","3","0","0","0","0"
"human","12","1","Heal","8","0","2","0","0","0","0"
"human","12","2","Feed","8","0","2","0","0","0","1"
"human","12","2","Feed","9","0","1","0","0","0","1"
"human","12","3","Feed","9","0","1","0","0","0","2"
"human","12","3","Heal","7","1","2","0","0","0","2"
"human","12","3","Heal","9","0","1","0","0","0","2"
"human","12","3","Feed","6","0","4","0","0","0","2"
"human","12","4","Feed","8","0","2","0","0","0","3"
"human","12","4","Heal","6","0","4","0","0","0","3"
"human","13","1","Clean","7","0","3","0","0","0","0"
"human","13","2","Heal","7","0","3","0","0","0","0"
"human","13","3","Clean","8","0","2","0","0","0","1"
"human","13","4","Train","9","1","0","95","0","0","1"
"human","14","1","Clean","9","0","1","0","0","0","0"
"human","14","1","Train","10","0","0","100","1","0","0"
"human","14","2","Feed","10","0","0","0","0","0","1"
"human","14","2","Train","10","0","0","100","0","0","1"
"human","14","3","Train","10","0","0","100","1","0","2"
"human","14","3","Clean","9","0","1","0","0","0","2"
"human","14","4","Train","10","0","0","100","0","0","2"
"human","14","4","Train","10","0","0","100","1","0","3"
"human","15","1","Clean","9","0","1","0","0","0","0"
"human","15","1","Heal","8","0","2","0","0","0","0"
"human","15","1","Heal","8","0","2","0","0","0","1"
"human","15","2","Heal","9","0","1","0","0","0","1"
"human","15","2","Clean","9","0","1","0","0","0","2"
"human","15","2","Feed","10","0","0","0","0","0","2"
"human","15","3","Train","9","0","1","90","0","0","2"
"human","15","3","Feed","10","0","0","0","0","0","3"
"human","15","3","Feed","5","0","5","0","0","0","3"
"human","15","4","Clean","8","0","2","0","0","0","3"
"human","15","4","Heal","8","0","2","0","0","0","3"
"human","15","4","Clean","9","0","1","0","0","0","3"
"human","16","1","Train","10","0","0","100","1","0","0"
"human","16","1","Feed","7","0","3","0","0","0","0"
"human","16","2","Feed","7","0","3","0","0","0","0"
"human","16","2","Heal","6","0","4","0","0","0","0"
"human","16","3","Feed","9","0","1","0","0","0","0"
"human","16","3","Train","9","0","1","90","0","0","0"
"human","16","4","Feed","10","0","0","0","0","0","0"
"human","16","4","Feed","9","0","1","0","0","0","0"
"human","16","4","Feed","10","0","0","0","0","0","0"
"human","17","1","Clean","10","0","0","0","0","0","0"
"human","17","1","Clean","10","0","0","0","0","0","0"
"human","17","1","Train","10","0","0","100","1","0","0"
"human","17","2","Clean","9","0","1","0","0","1","0"
"human","17","2","Clean","10","0","0","0","0","1","0"
"human","17","2","Train","9","0","1","135","0","1","0"
"human","17","3","Train","9","1","0","142.5","1","1","0"
"human","17","3","Train","7","3","0","127.5","1","1","0"
"human","17","3","Train","8","1","1","127.5","0","1","0"
"human","17","3","Train","5","4","1","105","1","1","0"
"human","17","3","Clean","10","0","0","0","0","1","0"
"human","17","4","Feed","10","0","0","0","0","2","0"
"human","17","4","Clean","9","1","0","0","0","2","0"
"human","17","4","Clean","8","0","2","0","0","2","0"
"human","18","1","Feed","10","0","0","0","0","0","0"
"human","18","1","Heal","7","0","3","0","0","0","0"
"human","18","2","Clean","8","0","2","0","0","0","0"
"human","18","2","Train","10","0","0","100","1","0","0"
"human","18","3","Feed","9","0","1","0","0","0","0"
"human","18","3","Feed","9","0","1","0","0","0","0"
"human","18","3","Feed","9","1","0","0","0","0","0"
"human","18","3","Clean","8","0","2","0","0","0","0"
"human","18","3","Heal","8","0","2","0","0","0","0"
"human","18","4","Clean","8","0","2","0","0","0","0"
"human","18","4","Feed","9","0","1","0","0","0","0"
"human","18","4","Feed","8","0","2","0","0","0","0"
"human","19","1","Heal","10","0","0","0","0","0","0"
"human","19","1","Heal","8","0","2","0","0","0","0"
"human","19","1","Heal","9","0","1","0","0","0","0"
"human","19","2","Heal","10","0","0","0","0","0","0"
"human","19","2","Heal","5","0","5","0","0","0","0"
"human","19","2","Heal","7","0","3","0","0","0","0"
"human","19","3","Heal","8","0","2","0","0","0","0"
"human","19","3","Heal","7","0","3","0","0","0","0"
"human","19","3","Heal","7","0","3","0","0","0","0"
"human","19","3","Heal","9","0","1","0","0","0","0"
"human","19","3","Clean","8","0","2","0","0","0","0"
"human","19","3","Heal","9","0","1","0","0","0","0"
"human","19","4","Heal","5","0","5","0","0","0","0"
"human","19","4","Clean","8","0","2","0","0","0","0"
"human","19","4","Clean","9","0","1","0","0","0","0"
"human","20","1","Feed","10","0","0","0","0","0","0"
"human","20","1","Feed","10","0","0","0","0","0","1"
"human","20","2","Feed","9","0","1","0","0","0","1"
"human","20","2","Feed","9","1","0","0","0","0","1"
"human","20","3","Feed","10","0","0","0","0","0","2"
"human","20","3","Feed","10","0","0","0","0","0","2"
"human","20","3","Clean","9","0","1","0","0","0","2"
"human","20","3","Clean","10","0","0","0","0","0","3"
"human","20","4","Feed","9","0","1","0","0","0","3"
"human","20","4","Feed","9","0","1","0","0","0","3"
"human","21","1","Train","10","0","0","100","1","0","0"
"human","21","2","Train","10","0","0","100","0","0","1"
"human","21","3","Train","10","0","0","100","1","0","1"
"human","21","3","Clean","9","0","1","0","0","0","2"
"human","21","3","Heal","10","0","0","0","0","0","2"
"human","21","4","Clean","9","0","1","0","0","0","2"
"human","22","1","Feed","8","0","2","0","0","0","0"
"human","22","1","Feed","9","0","1","0","0","0","0"
"human","22","1","Feed","7","0","3","0","0","0","1"
"human","22","2","Train","10","0","0","100","1","0","1"
"human","22","2","Train","8","0","2","80","0","0","2"
"human","22","2","Train","10","0","0","100","1","0","2"
"human","22","3","Feed","9","0","1","0","0","0","2"
"human","22","3","Feed","7","0","3","0","0","0","3"
"human","22","3","Train","10","0","0","100","0","0","3"
"human","22","4","Train","7","0","3","70","1","0","3"
"human","22","4","Train","9","0","1","90","0","0","3"
"human","22","4","Heal","4","0","6","0","0","0","3"
"human","23","1","Feed","10","0","0","0","0","0","0"
"human","23","1","Feed","9","0","1","0","0","0","1"
"human","23","2","Feed","10","0","0","0","0","0","1"
"human","23","2","Feed","10","0","0","0","0","0","1"
"human","23","3","Feed","10","0","0","0","0","0","2"
"human","23","3","Feed","10","0","0","0","0","0","2"
"human","23","4","Feed","9","0","1","0","0","0","2"
"human","23","4","Feed","10","0","0","0","0","0","3"
"human","24","1","Heal","4","0","6","0","0","0","0"
"human","25","1","Feed","9","0","1","0","0","0","0"
"human","25","1","Feed","9","0","1","0","0","0","0"
"human","25","2","Feed","7","1","2","0","0","0","1"
"human","25","2","Clean","8","0","2","0","0","0","1"
"human","25","3","Train","9","0","1","90","0","0","2"
"human","25","3","Train","10","0","0","100","1","0","2"
"human","25","3","Train","8","1","1","85","0","0","2"
"human","25","3","Train","9","0","1","90","1","0","3"
"human","25","4","Train","10","0","0","100","1","0","3"
"human","25","4","Feed","8","0","2","0","0","0","3"
"human","26","1","Heal","10","0","0","0","0","0","0"
"human","26","1","Heal","10","0","0","0","0","0","1"
"human","26","1","Train","10","0","0","100","1","0","1"
"human","26","2","Heal","10","0","0","0","0","0","2"
"human","26","2","Train","10","0","0","100","0","0","2"
"human","26","2","Clean","10","0","0","0","0","0","2"
"human","26","3","Train","10","0","0","100","1","0","3"
"human","26","3","Train","10","0","0","100","0","0","3"
"human","26","3","Heal","10","0","0","0","0","0","3"
"human","26","4","Clean","10","0","0","0","0","0","3"
"human","26","4","Train","9","1","0","95","1","0","3"
"human","26","4","Feed","10","0","0","0","0","0","3"
"human","27","1","Feed","10","0","0","0","0","0","0"
"human","27","2","Feed","10","0","0","0","0","0","0"
"human","27","3","Feed","9","0","1","0","0","0","0"
"human","27","4","Feed","10","0","0","0","0","0","0"
"human","28","1","Train","8","0","2","80","0","0","0"
"human","28","1","Feed","10","0","0","0","0","0","0"
"human","28","1","Clean","8","0","2","0","0","0","0"
"human","28","2","Heal","10","0","0","0","0","0","0"
"human","28","2","Clean","8","0","2","0","0","0","0"
"human","28","2","Feed","8","0","2","0","0","0","0"
"human","28","3","Clean","7","0","3","0","0","0","0"
"human","28","3","Train","9","1","0","95","1","0","0"
"human","28","3","Train","8","1","1","85","1","0","0"
"human","28","3","Feed","10","0","0","0","0","0","0"
"human","28","4","Train","7","3","0","85","0","0","0"
"human","28","4","Feed","9","1","0","0","0","0","0"
"human","28","4","Feed","6","0","4","0","0","0","0"
"human","29","1","Heal","7","0","3","0","0","0","0"
"human","29","1","Train","9","0","1","90","0","0","0"
"human","29","2","Feed","7","0","3","0","0","0","0"
"human","29","2","Heal","7","0","3","0","0","0","0"
"human","29","3","Train","10","0","0","100","1","0","0"
"human","29","3","Clean","6","0","4","0","0","0","0"
"human","29","4","Heal","7","0","3","0","0","0","0"
"human","29","4","Heal","9","0","1","0","0","0","0"
"human","29","4","Feed","9","0","1","0","0","0","0"
"human","30","1","Feed","9","0","1","0","0","0","0"
"human","30","2","Heal","9","0","1","0","0","0","0"
"human","30","3","Heal","8","0","2","0","0","0","0"
"human","30","4","Feed","10","0","0","0","0","0","0"
"human","31","1","Heal","9","0","1","0","0","0","0"
"human","31","1","Train","10","0","0","100","1","0","0"
"human","31","1","Clean","9","0","1","0","0","0","0"
"human","31","2","Clean","10","0","0","0","0","0","0"
"human","31","2","Clean","7","0","3","0","0","0","0"
"human","31","2","Clean","7","0","3","0","0","0","0"
"human","31","3","Train","10","0","0","100","0","0","0"
"human","31","3","Heal","7","0","3","0","0","0","0"
"human","31","3","Train","9","0","1","90","1","0","0"
"human","31","3","Clean","7","0","3","0","0","0","0"
"human","31","4","Heal","8","0","2","0","0","0","0"
"human","31","4","Heal","9","0","1","0","0","0","0"
"human","31","4","Clean","9","0","1","0","0","0","0"
"human","31","4","Train","8","2","0","90","0","0","0"
"human","32","1","Clean","8","1","1","0","0","0","0"
"human","32","1","Train","10","0","0","100","1","0","0"
"human","32","2","Train","10","0","0","100","0","0","1"
"human","32","2","Train","9","0","1","90","1","0","1"
"human","32","3","Train","6","2","2","70","0","0","2"
"human","32","3","Clean","6","1","3","0","0","0","2"
"human","32","3","Clean","8","0","2","0","0","0","2"
"human","32","3","Clean","8","0","2","0","0","0","2"
"human","32","4","Clean","8","0","2","0","0","0","3"
"human","32","4","Clean","9","0","1","0","0","0","3"
"human","33","1","Train","9","0","1","90","0","0","0"
"human","33","2","Clean","10","0","0","0","0","0","0"
"human","33","3","Clean","9","0","1","0","0","0","1"
"human","33","3","Feed","10","0","0","0","0","0","1"
"human","33","3","Heal","10","0","0","0","0","0","2"
"human","33","4","Feed","10","0","0","0","0","0","2"
"human","34","1","Heal","7","0","3","0","0","0","0"
"human","34","1","Clean","8","0","2","0","0","0","0"
"human","34","2","Clean","7","0","3","0","0","0","1"
"human","34","2","Heal","8","0","2","0","0","0","1"
"human","34","3","Clean","8","0","2","0","0","0","2"
"human","34","3","Clean","10","0","0","0","0","0","2"
"human","34","3","Clean","7","0","3","0","0","0","2"
"human","34","3","Heal","7","0","3","0","0","0","2"
"human","34","4","Clean","6","0","4","0","0","0","3"
"human","34","4","Clean","9","0","1","0","0","0","3"
"human","35","1","Feed","8","0","2","0","0","0","0"
"human","35","1","Heal","7","1","2","0","0","0","0"
"human","35","1","Feed","5","0","5","0","0","0","1"
"human","36","1","Clean","9","0","1","0","0","0","0"
"human","36","1","Heal","9","0","1","0","0","0","0"
"human","36","2","Train","10","0","0","100","1","0","1"
"human","36","2","Train","10","0","0","100","0","0","1"
"human","36","3","Clean","9","0","1","0","0","0","2"
"human","36","3","Feed","10","0","0","0","0","0","2"
"human","36","4","Feed","10","0","0","0","0","0","2"
"human","36","4","Heal","6","0","4","0","0","0","3"
"human","37","1","Train","10","0","0","100","1","0","0"
"human","37","1","Feed","10","0","0","0","0","0","0"
"human","37","1","Train","10","0","0","100","0","0","0"
"human","37","2","Feed","9","0","1","0","0","1","0"
"human","37","2","Feed","8","0","2","0","0","1","0"
"human","37","2","Feed","8","0","2","0","0","1","0"
"human","37","3","Train","9","1","0","142.5","1","1","0"
"human","37","3","Train","9","1","0","142.5","1","1","0"
"human","37","3","Train","5","5","0","112.5","0","1","0"
"human","37","4","Train","7","3","0","127.5","1","1","0"
"human","37","4","Train","6","4","0","120","0","1","0"
"human","37","4","Feed","9","0","1","0","0","2","0"
"human","38","1","Heal","5","0","5","0","0","0","0"
"human","38","1","Heal","7","0","3","0","0","0","0"
"human","38","2","Feed","10","0","0","0","0","0","1"
"human","38","2","Train","10","0","0","100","1","0","1"
"human","38","3","Heal","7","0","3","0","0","0","2"
"human","38","3","Feed","9","0","1","0","0","0","2"
"human","38","3","Feed","8","0","2","0","0","0","2"
"human","38","3","Train","10","0","0","100","0","0","2"
"human","38","4","Train","8","1","1","85","0","0","3"
"human","38","4","Feed","10","0","0","0","0","0","3"
"human","39","1","Feed","9","0","1","0","0","0","0"
"human","39","1","Heal","10","0","0","0","0","0","0"
"human","39","2","Feed","10","0","0","0","0","0","1"
"human","39","2","Train","10","0","0","100","1","0","1"
"human","39","3","Heal","10","0","0","0","0","0","2"
"human","39","3","Heal","9","0","1","0","0","0","2"
"human","39","4","Heal","10","0","0","0","0","0","2"
"human","39","4","Heal","9","0","1","0","0","0","3"
"human","40","1","Train","10","0","0","100","1","0","0"
"human","40","1","Feed","7","0","3","0","0","0","1"
"human","40","1","Train","9","0","1","90","0","0","1"
"human","40","2","Feed","8","0","2","0","0","0","1"
"human","40","2","Feed","8","0","2","0","0","0","2"
"human","40","2","Train","9","0","1","90","1","0","2"
"human","40","3","Feed","9","0","1","0","0","0","2"
"human","40","3","Heal","7","0","3","0","0","0","2"
"human","40","3","Heal","9","0","1","0","0","0","2"
"human","40","3","Train","10","0","0","100","0","0","2"
"human","40","3","Train","9","0","1","90","1","0","2"
"human","40","4","Heal","10","0","0","0","0","0","3"
"human","40","4","Heal","10","0","0","0","0","0","3"
"human","40","4","Heal","8","0","2","0","0","0","3"
